 4:01:53PM,"قطر - الدوحة","-","-","-","-","Statement","كشف حساب","ريال قطري",01/01/2024,"From Date - من تاريخ","40010017","Account Number - حساب رقم",31/01/2024,"From Date - من تاريخ","صرف وقبض الحكمة(payment Collection)","Account Name - حساب","2,859,762.34","Opening Balance - الرصيد الافتتاحى","Dis - الشرح","Date-تاريخ","JV-رقم القيد","Ref - المرجع","Balance-الرصيد","Credit - الدائن","Debit - مدين","#","دفعه بيد حسن لي الديزل",01/01/2024,"20241","G.Ledger","2,858,262.34","1,500.00",0.00,1,"2,859,762.34","Opening Balance - الرصيد الافتتاحى","1,517,929.87","Total Debit - اجمالى المدين","584,002.00","Total Credit - اجمالى الدائن","3,793,690.21","Current Balance - الرصيد الحالى","مدين","نصادق على صحة المديونية / الرصيد","شركة الحكمة للتجارة فى المواد الغذائية والخضروات والفواكه","Page -1 of 1"
 4:01:53PM,"قطر - الدوحة","-","-","-","-","Statement","كشف حساب","ريال قطري",01/01/2024,"From Date - من تاريخ","40010017","Account Number - حساب رقم",31/01/2024,"From Date - من تاريخ","صرف وقبض الحكمة(payment Collection)","Account Name - حساب","2,859,762.34","Opening Balance - الرصيد الافتتاحى","Dis - الشرح","Date-تاريخ","JV-رقم القيد","Ref - المرجع","Balance-الرصيد","Credit - الدائن","Debit - مدين","#","دفعه من حسن  لي رواتب العيل",01/01/2024,"20241","Receipts","2,857,262.34","1,000.00",0.00,2,"2,859,762.34","Opening Balance - الرصيد الافتتاحى","1,517,929.87","Total Debit - اجمالى المدين","584,002.00","Total Credit - اجمالى الدائن","3,793,690.21","Current Balance - الرصيد الحالى","مدين","نصادق على صحة المديونية / الرصيد","شركة الحكمة للتجارة فى المواد الغذائية والخضروات والفواكه","Page -1 of 1"
 4:01:53PM,"قطر - الدوحة","-","-","-","-","Statement","كشف حساب","ريال قطري",01/01/2024,"From Date - من تاريخ","40010017","Account Number - حساب رقم",31/01/2024,"From Date - من تاريخ","صرف وقبض الحكمة(payment Collection)","Account Name - حساب","2,859,762.34","Opening Balance - الرصيد الافتتاحى","Dis - الشرح","Date-تاريخ","JV-رقم القيد","Ref - المرجع","Balance-الرصيد","Credit - الدائن","Debit - مدين","#","دفعه من حسن لحساب الطارق",02/01/2024,"20242","Receipts","2,855,872.34","1,390.00",0.00,3,"2,859,762.34","Opening Balance - الرصيد الافتتاحى","1,517,929.87","Total Debit - اجمالى المدين","584,002.00","Total Credit - اجمالى الدائن","3,793,690.21","Current Balance - الرصيد الحالى","مدين","نصادق على صحة المديونية / الرصيد","شركة الحكمة للتجارة فى المواد الغذائية والخضروات والفواكه","Page -1 of 1"
 4:01:53PM,"قطر - الدوحة","-","-","-","-","Statement","كشف حساب","ريال قطري",01/01/2024,"From Date - من تاريخ","40010017","Account Number - حساب رقم",31/01/2024,"From Date - من تاريخ","صرف وقبض الحكمة(payment Collection)","Account Name - حساب","2,859,762.34","Opening Balance - الرصيد الافتتاحى","Dis - الشرح","Date-تاريخ","JV-رقم القيد","Ref - المرجع","Balance-الرصيد","Credit - الدائن","Debit - مدين","#","دفعه من محمد حسنين",03/01/2024,"20243","Receipts","2,855,772.34",100.00,0.00,4,"2,859,762.34","Opening Balance - الرصيد الافتتاحى","1,517,929.87","Total Debit - اجمالى المدين","584,002.00","Total Credit - اجمالى الدائن","3,793,690.21","Current Balance - الرصيد الحالى","مدين","نصادق على صحة المديونية / الرصيد","شركة الحكمة للتجارة فى المواد الغذائية والخضروات والفواكه","Page -1 of 1"
 4:01:53PM,"قطر - الدوحة","-","-","-","-","Statement","كشف حساب","ريال قطري",01/01/2024,"From Date - من تاريخ","40010017","Account Number - حساب رقم",31/01/2024,"From Date - من تاريخ","صرف وقبض الحكمة(payment Collection)","Account Name - حساب","2,859,762.34","Opening Balance - الرصيد الافتتاحى","Dis - الشرح","Date-تاريخ","JV-رقم القيد","Ref - المرجع","Balance-الرصيد","Credit - الدائن","Debit - مدين","#","دفعه من  حسن فب المكتب",03/01/2024,"20242","G.Ledger","2,854,772.34","1,000.00",0.00,5,"2,859,762.34","Opening Balance - الرصيد الافتتاحى","1,517,929.87","Total Debit - اجمالى المدين","584,002.00","Total Credit - اجمالى الدائن","3,793,690.21","Current Balance - الرصيد الحالى","مدين","نصادق على صحة المديونية / الرصيد","شركة الحكمة للتجارة فى المواد الغذائية والخضروات والفواكه","Page -1 of 1"
 4:01:53PM,"قطر - الدوحة","-","-","-","-","Statement","كشف حساب","ريال قطري",01/01/2024,"From Date - من تاريخ","40010017","Account Number - حساب رقم",31/01/2024,"From Date - من تاريخ","صرف وقبض الحكمة(payment Collection)","Account Name - حساب","2,859,762.34","Opening Balance - الرصيد الافتتاحى","Dis - الشرح","Date-تاريخ","JV-رقم القيد","Ref - المرجع","Balance-الرصيد","Credit - الدائن","Debit - مدين","#","من محمد حسنين",04/01/2024,"20244","Receipts","2,854,722.34",50.00,0.00,6,"2,859,762.34","Opening Balance - الرصيد الافتتاحى","1,517,929.87","Total Debit - اجمالى المدين","584,002.00","Total Credit - اجمالى الدائن","3,793,690.21","Current Balance - الرصيد الحالى","مدين","نصادق على صحة المديونية / الرصيد","شركة الحكمة للتجارة فى المواد الغذائية والخضروات والفواكه","Page -1 of 1"
 4:01:53PM,"قطر - الدوحة","-","-","-","-","Statement","كشف حساب","ريال قطري",01/01/2024,"From Date - من تاريخ","40010017","Account Number - حساب رقم",31/01/2024,"From Date - من تاريخ","صرف وقبض الحكمة(payment Collection)","Account Name - حساب","2,859,762.34","Opening Balance - الرصيد الافتتاحى","Dis - الشرح","Date-تاريخ","JV-رقم القيد","Ref - المرجع","Balance-الرصيد","Credit - الدائن","Debit - مدين","#","من عم/طارق",04/01/2024,"20245","Receipts","2,854,222.34",500.00,0.00,7,"2,859,762.34","Opening Balance - الرصيد الافتتاحى","1,517,929.87","Total Debit - اجمالى المدين","584,002.00","Total Credit - اجمالى الدائن","3,793,690.21","Current Balance - الرصيد الحالى","مدين","نصادق على صحة المديونية / الرصيد","شركة الحكمة للتجارة فى المواد الغذائية والخضروات والفواكه","Page -1 of 1"
 4:01:53PM,"قطر - الدوحة","-","-","-","-","Statement","كشف حساب","ريال قطري",01/01/2024,"From Date - من تاريخ","40010017","Account Number - حساب رقم",31/01/2024,"From Date - من تاريخ","صرف وقبض الحكمة(payment Collection)","Account Name - حساب","2,859,762.34","Opening Balance - الرصيد الافتتاحى","Dis - الشرح","Date-تاريخ","JV-رقم القيد","Ref - المرجع","Balance-الرصيد","Credit - الدائن","Debit - مدين","#","دفعه لي راتب كبير",04/01/2024,"20246","Receipts","2,853,222.34","1,000.00",0.00,8,"2,859,762.34","Opening Balance - الرصيد الافتتاحى","1,517,929.87","Total Debit - اجمالى المدين","584,002.00","Total Credit - اجمالى الدائن","3,793,690.21","Current Balance - الرصيد الحالى","مدين","نصادق على صحة المديونية / الرصيد","شركة الحكمة للتجارة فى المواد الغذائية والخضروات والفواكه","Page -1 of 1"
 4:01:53PM,"قطر - الدوحة","-","-","-","-","Statement","كشف حساب","ريال قطري",01/01/2024,"From Date - من تاريخ","40010017","Account Number - حساب رقم",31/01/2024,"From Date - من تاريخ","صرف وقبض الحكمة(payment Collection)","Account Name - حساب","2,859,762.34","Opening Balance - الرصيد الافتتاحى","Dis - الشرح","Date-تاريخ","JV-رقم القيد","Ref - المرجع","Balance-الرصيد","Credit - الدائن","Debit - مدين","#","توريدات دفعة بد حسن ديزل",06/01/2024,"2024162","G.Ledger","2,852,022.34","1,200.00",0.00,9,"2,859,762.34","Opening Balance - الرصيد الافتتاحى","1,517,929.87","Total Debit - اجمالى المدين","584,002.00","Total Credit - اجمالى الدائن","3,793,690.21","Current Balance - الرصيد الحالى","مدين","نصادق على صحة المديونية / الرصيد","شركة الحكمة للتجارة فى المواد الغذائية والخضروات والفواكه","Page -1 of 1"
 4:01:53PM,"قطر - الدوحة","-","-","-","-","Statement","كشف حساب","ريال قطري",01/01/2024,"From Date - من تاريخ","40010017","Account Number - حساب رقم",31/01/2024,"From Date - من تاريخ","صرف وقبض الحكمة(payment Collection)","Account Name - حساب","2,859,762.34","Opening Balance - الرصيد الافتتاحى","Dis - الشرح","Date-تاريخ","JV-رقم القيد","Ref - المرجع","Balance-الرصيد","Credit - الدائن","Debit - مدين","#","دفعه بيد حسن",06/01/2024,"20243","G.Ledger","2,850,122.34","1,900.00",0.00,10,"2,859,762.34","Opening Balance - الرصيد الافتتاحى","1,517,929.87","Total Debit - اجمالى المدين","584,002.00","Total Credit - اجمالى الدائن","3,793,690.21","Current Balance - الرصيد الحالى","مدين","نصادق على صحة المديونية / الرصيد","شركة الحكمة للتجارة فى المواد الغذائية والخضروات والفواكه","Page -1 of 1"
 4:01:53PM,"قطر - الدوحة","-","-","-","-","Statement","كشف حساب","ريال قطري",01/01/2024,"From Date - من تاريخ","40010017","Account Number - حساب رقم",31/01/2024,"From Date - من تاريخ","صرف وقبض الحكمة(payment Collection)","Account Name - حساب","2,859,762.34","Opening Balance - الرصيد الافتتاحى","Dis - الشرح","Date-تاريخ","JV-رقم القيد","Ref - المرجع","Balance-الرصيد","Credit - الدائن","Debit - مدين","#","دفعه من حسن",06/01/2024,"20247","Receipts","2,847,017.34","3,105.00",0.00,11,"2,859,762.34","Opening Balance - الرصيد الافتتاحى","1,517,929.87","Total Debit - اجمالى المدين","584,002.00","Total Credit - اجمالى الدائن","3,793,690.21","Current Balance - الرصيد الحالى","مدين","نصادق على صحة المديونية / الرصيد","شركة الحكمة للتجارة فى المواد الغذائية والخضروات والفواكه","Page -1 of 1"
 4:01:53PM,"قطر - الدوحة","-","-","-","-","Statement","كشف حساب","ريال قطري",01/01/2024,"From Date - من تاريخ","40010017","Account Number - حساب رقم",31/01/2024,"From Date - من تاريخ","صرف وقبض الحكمة(payment Collection)","Account Name - حساب","2,859,762.34","Opening Balance - الرصيد الافتتاحى","Dis - الشرح","Date-تاريخ","JV-رقم القيد","Ref - المرجع","Balance-الرصيد","Credit - الدائن","Debit - مدين","#","دفعة الى محسن للديزل",07/01/2024,"2024159","G.Ledger","2,844,517.34","2,500.00",0.00,12,"2,859,762.34","Opening Balance - الرصيد الافتتاحى","1,517,929.87","Total Debit - اجمالى المدين","584,002.00","Total Credit - اجمالى الدائن","3,793,690.21","Current Balance - الرصيد الحالى","مدين","نصادق على صحة المديونية / الرصيد","شركة الحكمة للتجارة فى المواد الغذائية والخضروات والفواكه","Page -1 of 1"
 4:01:53PM,"قطر - الدوحة","-","-","-","-","Statement","كشف حساب","ريال قطري",01/01/2024,"From Date - من تاريخ","40010017","Account Number - حساب رقم",31/01/2024,"From Date - من تاريخ","صرف وقبض الحكمة(payment Collection)","Account Name - حساب","2,859,762.34","Opening Balance - الرصيد الافتتاحى","Dis - الشرح","Date-تاريخ","JV-رقم القيد","Ref - المرجع","Balance-الرصيد","Credit - الدائن","Debit - مدين","#","دفعه بيد حسن",08/01/2024,"20245","G.Ledger","2,839,517.34","5,000.00",0.00,13,"2,859,762.34","Opening Balance - الرصيد الافتتاحى","1,517,929.87","Total Debit - اجمالى المدين","584,002.00","Total Credit - اجمالى الدائن","3,793,690.21","Current Balance - الرصيد الحالى","مدين","نصادق على صحة المديونية / الرصيد","شركة الحكمة للتجارة فى المواد الغذائية والخضروات والفواكه","Page -1 of 1"
 4:01:53PM,"قطر - الدوحة","-","-","-","-","Statement","كشف حساب","ريال قطري",01/01/2024,"From Date - من تاريخ","40010017","Account Number - حساب رقم",31/01/2024,"From Date - من تاريخ","صرف وقبض الحكمة(payment Collection)","Account Name - حساب","2,859,762.34","Opening Balance - الرصيد الافتتاحى","Dis - الشرح","Date-تاريخ","JV-رقم القيد","Ref - المرجع","Balance-الرصيد","Credit - الدائن","Debit - مدين","#","شيك كرفور رقم 363002",08/01/2024,"20246","G.Ledger","3,532,886.47",0.00,"693,369.13",14,"2,859,762.34","Opening Balance - الرصيد الافتتاحى","1,517,929.87","Total Debit - اجمالى المدين","584,002.00","Total Credit - اجمالى الدائن","3,793,690.21","Current Balance - الرصيد الحالى","مدين","نصادق على صحة المديونية / الرصيد","شركة الحكمة للتجارة فى المواد الغذائية والخضروات والفواكه","Page -1 of 1"
 4:01:53PM,"قطر - الدوحة","-","-","-","-","Statement","كشف حساب","ريال قطري",01/01/2024,"From Date - من تاريخ","40010017","Account Number - حساب رقم",31/01/2024,"From Date - من تاريخ","صرف وقبض الحكمة(payment Collection)","Account Name - حساب","2,859,762.34","Opening Balance - الرصيد الافتتاحى","Dis - الشرح","Date-تاريخ","JV-رقم القيد","Ref - المرجع","Balance-الرصيد","Credit - الدائن","Debit - مدين","#","دفعة الى محمد على مكتب بيد حسن",08/01/2024,"2024163","G.Ledger","3,531,386.47","1,500.00",0.00,15,"2,859,762.34","Opening Balance - الرصيد الافتتاحى","1,517,929.87","Total Debit - اجمالى المدين","584,002.00","Total Credit - اجمالى الدائن","3,793,690.21","Current Balance - الرصيد الحالى","مدين","نصادق على صحة المديونية / الرصيد","شركة الحكمة للتجارة فى المواد الغذائية والخضروات والفواكه","Page -1 of 1"
 4:01:53PM,"قطر - الدوحة","-","-","-","-","Statement","كشف حساب","ريال قطري",01/01/2024,"From Date - من تاريخ","40010017","Account Number - حساب رقم",31/01/2024,"From Date - من تاريخ","صرف وقبض الحكمة(payment Collection)","Account Name - حساب","2,859,762.34","Opening Balance - الرصيد الافتتاحى","Dis - الشرح","Date-تاريخ","JV-رقم القيد","Ref - المرجع","Balance-الرصيد","Credit - الدائن","Debit - مدين","#","دفعه الي هسام تحول الرواتب",08/01/2024,"2024460","G.Ledger","3,526,386.47","5,000.00",0.00,16,"2,859,762.34","Opening Balance - الرصيد الافتتاحى","1,517,929.87","Total Debit - اجمالى المدين","584,002.00","Total Credit - اجمالى الدائن","3,793,690.21","Current Balance - الرصيد الحالى","مدين","نصادق على صحة المديونية / الرصيد","شركة الحكمة للتجارة فى المواد الغذائية والخضروات والفواكه","Page -1 of 1"
 4:01:53PM,"قطر - الدوحة","-","-","-","-","Statement","كشف حساب","ريال قطري",01/01/2024,"From Date - من تاريخ","40010017","Account Number - حساب رقم",31/01/2024,"From Date - من تاريخ","صرف وقبض الحكمة(payment Collection)","Account Name - حساب","2,859,762.34","Opening Balance - الرصيد الافتتاحى","Dis - الشرح","Date-تاريخ","JV-رقم القيد","Ref - المرجع","Balance-الرصيد","Credit - الدائن","Debit - مدين","#","باقي رواتب  سبار بيد حسن  الي روبل",08/01/2024,"20247","G.Ledger","3,521,386.47","5,000.00",0.00,17,"2,859,762.34","Opening Balance - الرصيد الافتتاحى","1,517,929.87","Total Debit - اجمالى المدين","584,002.00","Total Credit - اجمالى الدائن","3,793,690.21","Current Balance - الرصيد الحالى","مدين","نصادق على صحة المديونية / الرصيد","شركة الحكمة للتجارة فى المواد الغذائية والخضروات والفواكه","Page -1 of 1"
 4:01:53PM,"قطر - الدوحة","-","-","-","-","Statement","كشف حساب","ريال قطري",01/01/2024,"From Date - من تاريخ","40010017","Account Number - حساب رقم",31/01/2024,"From Date - من تاريخ","صرف وقبض الحكمة(payment Collection)","Account Name - حساب","2,859,762.34","Opening Balance - الرصيد الافتتاحى","Dis - الشرح","Date-تاريخ","JV-رقم القيد","Ref - المرجع","Balance-الرصيد","Credit - الدائن","Debit - مدين","#","دفعه من محمد حسنين",08/01/2024,"20248","Receipts","3,521,356.47",30.00,0.00,18,"2,859,762.34","Opening Balance - الرصيد الافتتاحى","1,517,929.87","Total Debit - اجمالى المدين","584,002.00","Total Credit - اجمالى الدائن","3,793,690.21","Current Balance - الرصيد الحالى","مدين","نصادق على صحة المديونية / الرصيد","شركة الحكمة للتجارة فى المواد الغذائية والخضروات والفواكه","Page -1 of 1"
 4:01:53PM,"قطر - الدوحة","-","-","-","-","Statement","كشف حساب","ريال قطري",01/01/2024,"From Date - من تاريخ","40010017","Account Number - حساب رقم",31/01/2024,"From Date - من تاريخ","صرف وقبض الحكمة(payment Collection)","Account Name - حساب","2,859,762.34","Opening Balance - الرصيد الافتتاحى","Dis - الشرح","Date-تاريخ","JV-رقم القيد","Ref - المرجع","Balance-الرصيد","Credit - الدائن","Debit - مدين","#","دفعه من حسن",09/01/2024,"20249","Receipts","3,521,156.47",200.00,0.00,19,"2,859,762.34","Opening Balance - الرصيد الافتتاحى","1,517,929.87","Total Debit - اجمالى المدين","584,002.00","Total Credit - اجمالى الدائن","3,793,690.21","Current Balance - الرصيد الحالى","مدين","نصادق على صحة المديونية / الرصيد","شركة الحكمة للتجارة فى المواد الغذائية والخضروات والفواكه","Page -1 of 1"
 4:01:53PM,"قطر - الدوحة","-","-","-","-","Statement","كشف حساب","ريال قطري",01/01/2024,"From Date - من تاريخ","40010017","Account Number - حساب رقم",31/01/2024,"From Date - من تاريخ","صرف وقبض الحكمة(payment Collection)","Account Name - حساب","2,859,762.34","Opening Balance - الرصيد الافتتاحى","Dis - الشرح","Date-تاريخ","JV-رقم القيد","Ref - المرجع","Balance-الرصيد","Credit - الدائن","Debit - مدين","#","تحويل بتاريخ 9/1/2024  عن نص 11 لاول سبار",09/01/2024,"20248","G.Ledger","3,673,061.19",0.00,"151,904.72",20,"2,859,762.34","Opening Balance - الرصيد الافتتاحى","1,517,929.87","Total Debit - اجمالى المدين","584,002.00","Total Credit - اجمالى الدائن","3,793,690.21","Current Balance - الرصيد الحالى","مدين","نصادق على صحة المديونية / الرصيد","شركة الحكمة للتجارة فى المواد الغذائية والخضروات والفواكه","Page -1 of 1"
 4:01:53PM,"قطر - الدوحة","-","-","-","-","Statement","كشف حساب","ريال قطري",01/01/2024,"From Date - من تاريخ","40010017","Account Number - حساب رقم",31/01/2024,"From Date - من تاريخ","صرف وقبض الحكمة(payment Collection)","Account Name - حساب","2,859,762.34","Opening Balance - الرصيد الافتتاحى","Dis - الشرح","Date-تاريخ","JV-رقم القيد","Ref - المرجع","Balance-الرصيد","Credit - الدائن","Debit - مدين","#","دفعه من محمد حسنين في  المكتب",09/01/2024,"202429","G.Ledger","3,671,061.19","2,000.00",0.00,21,"2,859,762.34","Opening Balance - الرصيد الافتتاحى","1,517,929.87","Total Debit - اجمالى المدين","584,002.00","Total Credit - اجمالى الدائن","3,793,690.21","Current Balance - الرصيد الحالى","مدين","نصادق على صحة المديونية / الرصيد","شركة الحكمة للتجارة فى المواد الغذائية والخضروات والفواكه","Page -1 of 1"
 4:01:53PM,"قطر - الدوحة","-","-","-","-","Statement","كشف حساب","ريال قطري",01/01/2024,"From Date - من تاريخ","40010017","Account Number - حساب رقم",31/01/2024,"From Date - من تاريخ","صرف وقبض الحكمة(payment Collection)","Account Name - حساب","2,859,762.34","Opening Balance - الرصيد الافتتاحى","Dis - الشرح","Date-تاريخ","JV-رقم القيد","Ref - المرجع","Balance-الرصيد","Credit - الدائن","Debit - مدين","#","موصلاات عمل رويال  في الاستور",09/01/2024,"2024461","G.Ledger","3,670,961.19",100.00,0.00,22,"2,859,762.34","Opening Balance - الرصيد الافتتاحى","1,517,929.87","Total Debit - اجمالى المدين","584,002.00","Total Credit - اجمالى الدائن","3,793,690.21","Current Balance - الرصيد الحالى","مدين","نصادق على صحة المديونية / الرصيد","شركة الحكمة للتجارة فى المواد الغذائية والخضروات والفواكه","Page -1 of 1"
 4:01:53PM,"قطر - الدوحة","-","-","-","-","Statement","كشف حساب","ريال قطري",01/01/2024,"From Date - من تاريخ","40010017","Account Number - حساب رقم",31/01/2024,"From Date - من تاريخ","صرف وقبض الحكمة(payment Collection)","Account Name - حساب","2,859,762.34","Opening Balance - الرصيد الافتتاحى","Dis - الشرح","Date-تاريخ","JV-رقم القيد","Ref - المرجع","Balance-الرصيد","Credit - الدائن","Debit - مدين","#","دفعه  تحويل",09/01/2024,"2024671","G.Ledger","3,650,961.19","20,000.00",0.00,23,"2,859,762.34","Opening Balance - الرصيد الافتتاحى","1,517,929.87","Total Debit - اجمالى المدين","584,002.00","Total Credit - اجمالى الدائن","3,793,690.21","Current Balance - الرصيد الحالى","مدين","نصادق على صحة المديونية / الرصيد","شركة الحكمة للتجارة فى المواد الغذائية والخضروات والفواكه","Page -1 of 1"
 4:01:53PM,"قطر - الدوحة","-","-","-","-","Statement","كشف حساب","ريال قطري",01/01/2024,"From Date - من تاريخ","40010017","Account Number - حساب رقم",31/01/2024,"From Date - من تاريخ","صرف وقبض الحكمة(payment Collection)","Account Name - حساب","2,859,762.34","Opening Balance - الرصيد الافتتاحى","Dis - الشرح","Date-تاريخ","JV-رقم القيد","Ref - المرجع","Balance-الرصيد","Credit - الدائن","Debit - مدين","#","دفعه بيد حسن لي الديزل",10/01/2024,"202430","G.Ledger","3,646,961.19","4,000.00",0.00,24,"2,859,762.34","Opening Balance - الرصيد الافتتاحى","1,517,929.87","Total Debit - اجمالى المدين","584,002.00","Total Credit - اجمالى الدائن","3,793,690.21","Current Balance - الرصيد الحالى","مدين","نصادق على صحة المديونية / الرصيد","شركة الحكمة للتجارة فى المواد الغذائية والخضروات والفواكه","Page -1 of 1"
 4:01:53PM,"قطر - الدوحة","-","-","-","-","Statement","كشف حساب","ريال قطري",01/01/2024,"From Date - من تاريخ","40010017","Account Number - حساب رقم",31/01/2024,"From Date - من تاريخ","صرف وقبض الحكمة(payment Collection)","Account Name - حساب","2,859,762.34","Opening Balance - الرصيد الافتتاحى","Dis - الشرح","Date-تاريخ","JV-رقم القيد","Ref - المرجع","Balance-الرصيد","Credit - الدائن","Debit - مدين","#","دفعه الي طارق",10/01/2024,"202410","Receipts","3,645,961.19","1,000.00",0.00,25,"2,859,762.34","Opening Balance - الرصيد الافتتاحى","1,517,929.87","Total Debit - اجمالى المدين","584,002.00","Total Credit - اجمالى الدائن","3,793,690.21","Current Balance - الرصيد الحالى","مدين","نصادق على صحة المديونية / الرصيد","شركة الحكمة للتجارة فى المواد الغذائية والخضروات والفواكه","Page -1 of 1"
 4:01:53PM,"قطر - الدوحة","-","-","-","-","Statement","كشف حساب","ريال قطري",01/01/2024,"From Date - من تاريخ","40010017","Account Number - حساب رقم",31/01/2024,"From Date - من تاريخ","صرف وقبض الحكمة(payment Collection)","Account Name - حساب","2,859,762.34","Opening Balance - الرصيد الافتتاحى","Dis - الشرح","Date-تاريخ","JV-رقم القيد","Ref - المرجع","Balance-الرصيد","Credit - الدائن","Debit - مدين","#","دفعه بيد حسن",11/01/2024,"202412","Receipts","3,645,461.19",500.00,0.00,26,"2,859,762.34","Opening Balance - الرصيد الافتتاحى","1,517,929.87","Total Debit - اجمالى المدين","584,002.00","Total Credit - اجمالى الدائن","3,793,690.21","Current Balance - الرصيد الحالى","مدين","نصادق على صحة المديونية / الرصيد","شركة الحكمة للتجارة فى المواد الغذائية والخضروات والفواكه","Page -1 of 1"
 4:01:53PM,"قطر - الدوحة","-","-","-","-","Statement","كشف حساب","ريال قطري",01/01/2024,"From Date - من تاريخ","40010017","Account Number - حساب رقم",31/01/2024,"From Date - من تاريخ","صرف وقبض الحكمة(payment Collection)","Account Name - حساب","2,859,762.34","Opening Balance - الرصيد الافتتاحى","Dis - الشرح","Date-تاريخ","JV-رقم القيد","Ref - المرجع","Balance-الرصيد","Credit - الدائن","Debit - مدين","#","دفعة الى هشام فى الاستور بيد حسن",11/01/2024,"2024160","G.Ledger","3,640,461.19","5,000.00",0.00,27,"2,859,762.34","Opening Balance - الرصيد الافتتاحى","1,517,929.87","Total Debit - اجمالى المدين","584,002.00","Total Credit - اجمالى الدائن","3,793,690.21","Current Balance - الرصيد الحالى","مدين","نصادق على صحة المديونية / الرصيد","شركة الحكمة للتجارة فى المواد الغذائية والخضروات والفواكه","Page -1 of 1"
 4:01:53PM,"قطر - الدوحة","-","-","-","-","Statement","كشف حساب","ريال قطري",01/01/2024,"From Date - من تاريخ","40010017","Account Number - حساب رقم",31/01/2024,"From Date - من تاريخ","صرف وقبض الحكمة(payment Collection)","Account Name - حساب","2,859,762.34","Opening Balance - الرصيد الافتتاحى","Dis - الشرح","Date-تاريخ","JV-رقم القيد","Ref - المرجع","Balance-الرصيد","Credit - الدائن","Debit - مدين","#","دفعه بيد حسن الي عاطف كاش",11/01/2024,"202452","G.Ledger","3,632,217.19","8,244.00",0.00,28,"2,859,762.34","Opening Balance - الرصيد الافتتاحى","1,517,929.87","Total Debit - اجمالى المدين","584,002.00","Total Credit - اجمالى الدائن","3,793,690.21","Current Balance - الرصيد الحالى","مدين","نصادق على صحة المديونية / الرصيد","شركة الحكمة للتجارة فى المواد الغذائية والخضروات والفواكه","Page -1 of 1"
 4:01:53PM,"قطر - الدوحة","-","-","-","-","Statement","كشف حساب","ريال قطري",01/01/2024,"From Date - من تاريخ","40010017","Account Number - حساب رقم",31/01/2024,"From Date - من تاريخ","صرف وقبض الحكمة(payment Collection)","Account Name - حساب","2,859,762.34","Opening Balance - الرصيد الافتتاحى","Dis - الشرح","Date-تاريخ","JV-رقم القيد","Ref - المرجع","Balance-الرصيد","Credit - الدائن","Debit - مدين","#","دفعه التوردات ديزل",11/01/2024,"2024462","G.Ledger","3,632,017.19",200.00,0.00,29,"2,859,762.34","Opening Balance - الرصيد الافتتاحى","1,517,929.87","Total Debit - اجمالى المدين","584,002.00","Total Credit - اجمالى الدائن","3,793,690.21","Current Balance - الرصيد الحالى","مدين","نصادق على صحة المديونية / الرصيد","شركة الحكمة للتجارة فى المواد الغذائية والخضروات والفواكه","Page -1 of 1"
 4:01:53PM,"قطر - الدوحة","-","-","-","-","Statement","كشف حساب","ريال قطري",01/01/2024,"From Date - من تاريخ","40010017","Account Number - حساب رقم",31/01/2024,"From Date - من تاريخ","صرف وقبض الحكمة(payment Collection)","Account Name - حساب","2,859,762.34","Opening Balance - الرصيد الافتتاحى","Dis - الشرح","Date-تاريخ","JV-رقم القيد","Ref - المرجع","Balance-الرصيد","Credit - الدائن","Debit - مدين","#","تجديد سيارة الحادث",11/01/2024,"2024462","G.Ledger","3,631,867.19",150.00,0.00,30,"2,859,762.34","Opening Balance - الرصيد الافتتاحى","1,517,929.87","Total Debit - اجمالى المدين","584,002.00","Total Credit - اجمالى الدائن","3,793,690.21","Current Balance - الرصيد الحالى","مدين","نصادق على صحة المديونية / الرصيد","شركة الحكمة للتجارة فى المواد الغذائية والخضروات والفواكه","Page -1 of 1"
 4:01:53PM,"قطر - الدوحة","-","-","-","-","Statement","كشف حساب","ريال قطري",01/01/2024,"From Date - من تاريخ","40010017","Account Number - حساب رقم",31/01/2024,"From Date - من تاريخ","صرف وقبض الحكمة(payment Collection)","Account Name - حساب","2,859,762.34","Opening Balance - الرصيد الافتتاحى","Dis - الشرح","Date-تاريخ","JV-رقم القيد","Ref - المرجع","Balance-الرصيد","Credit - الدائن","Debit - مدين","#","دفعة الى هشام فى الاستور بيد حسن",11/01/2024,"2024160","G.Ledger","3,626,867.19","5,000.00",0.00,31,"2,859,762.34","Opening Balance - الرصيد الافتتاحى","1,517,929.87","Total Debit - اجمالى المدين","584,002.00","Total Credit - اجمالى الدائن","3,793,690.21","Current Balance - الرصيد الحالى","مدين","نصادق على صحة المديونية / الرصيد","شركة الحكمة للتجارة فى المواد الغذائية والخضروات والفواكه","Page -1 of 1"
 4:01:53PM,"قطر - الدوحة","-","-","-","-","Statement","كشف حساب","ريال قطري",01/01/2024,"From Date - من تاريخ","40010017","Account Number - حساب رقم",31/01/2024,"From Date - من تاريخ","صرف وقبض الحكمة(payment Collection)","Account Name - حساب","2,859,762.34","Opening Balance - الرصيد الافتتاحى","Dis - الشرح","Date-تاريخ","JV-رقم القيد","Ref - المرجع","Balance-الرصيد","Credit - الدائن","Debit - مدين","#","خصم مبيعات الحكمه تاريخ 27/12",14/01/2024,"202453","G.Ledger","3,626,027.19",840.00,0.00,32,"2,859,762.34","Opening Balance - الرصيد الافتتاحى","1,517,929.87","Total Debit - اجمالى المدين","584,002.00","Total Credit - اجمالى الدائن","3,793,690.21","Current Balance - الرصيد الحالى","مدين","نصادق على صحة المديونية / الرصيد","شركة الحكمة للتجارة فى المواد الغذائية والخضروات والفواكه","Page -1 of 1"
 4:01:53PM,"قطر - الدوحة","-","-","-","-","Statement","كشف حساب","ريال قطري",01/01/2024,"From Date - من تاريخ","40010017","Account Number - حساب رقم",31/01/2024,"From Date - من تاريخ","صرف وقبض الحكمة(payment Collection)","Account Name - حساب","2,859,762.34","Opening Balance - الرصيد الافتتاحى","Dis - الشرح","Date-تاريخ","JV-رقم القيد","Ref - المرجع","Balance-الرصيد","Credit - الدائن","Debit - مدين","#","دفعه من محمد حسنين",14/01/2024,"202413","Receipts","3,625,927.19",100.00,0.00,33,"2,859,762.34","Opening Balance - الرصيد الافتتاحى","1,517,929.87","Total Debit - اجمالى المدين","584,002.00","Total Credit - اجمالى الدائن","3,793,690.21","Current Balance - الرصيد الحالى","مدين","نصادق على صحة المديونية / الرصيد","شركة الحكمة للتجارة فى المواد الغذائية والخضروات والفواكه","Page -1 of 1"
 4:01:53PM,"قطر - الدوحة","-","-","-","-","Statement","كشف حساب","ريال قطري",01/01/2024,"From Date - من تاريخ","40010017","Account Number - حساب رقم",31/01/2024,"From Date - من تاريخ","صرف وقبض الحكمة(payment Collection)","Account Name - حساب","2,859,762.34","Opening Balance - الرصيد الافتتاحى","Dis - الشرح","Date-تاريخ","JV-رقم القيد","Ref - المرجع","Balance-الرصيد","Credit - الدائن","Debit - مدين","#","شيك جرين بوينت",16/01/2024,"202414","Receipts","3,582,938.19","42,989.00",0.00,34,"2,859,762.34","Opening Balance - الرصيد الافتتاحى","1,517,929.87","Total Debit - اجمالى المدين","584,002.00","Total Credit - اجمالى الدائن","3,793,690.21","Current Balance - الرصيد الحالى","مدين","نصادق على صحة المديونية / الرصيد","شركة الحكمة للتجارة فى المواد الغذائية والخضروات والفواكه","Page -1 of 1"
 4:01:53PM,"قطر - الدوحة","-","-","-","-","Statement","كشف حساب","ريال قطري",01/01/2024,"From Date - من تاريخ","40010017","Account Number - حساب رقم",31/01/2024,"From Date - من تاريخ","صرف وقبض الحكمة(payment Collection)","Account Name - حساب","2,859,762.34","Opening Balance - الرصيد الافتتاحى","Dis - الشرح","Date-تاريخ","JV-رقم القيد","Ref - المرجع","Balance-الرصيد","Credit - الدائن","Debit - مدين","#","علي بكور  دفعه من الاستور",16/01/2024,"2024463","G.Ledger","3,582,738.19",200.00,0.00,35,"2,859,762.34","Opening Balance - الرصيد الافتتاحى","1,517,929.87","Total Debit - اجمالى المدين","584,002.00","Total Credit - اجمالى الدائن","3,793,690.21","Current Balance - الرصيد الحالى","مدين","نصادق على صحة المديونية / الرصيد","شركة الحكمة للتجارة فى المواد الغذائية والخضروات والفواكه","Page -1 of 1"
 4:01:53PM,"قطر - الدوحة","-","-","-","-","Statement","كشف حساب","ريال قطري",01/01/2024,"From Date - من تاريخ","40010017","Account Number - حساب رقم",31/01/2024,"From Date - من تاريخ","صرف وقبض الحكمة(payment Collection)","Account Name - حساب","2,859,762.34","Opening Balance - الرصيد الافتتاحى","Dis - الشرح","Date-تاريخ","JV-رقم القيد","Ref - المرجع","Balance-الرصيد","Credit - الدائن","Debit - مدين","#","شمسير دفعه من الاستور",16/01/2024,"2024463","G.Ledger","3,582,638.19",100.00,0.00,36,"2,859,762.34","Opening Balance - الرصيد الافتتاحى","1,517,929.87","Total Debit - اجمالى المدين","584,002.00","Total Credit - اجمالى الدائن","3,793,690.21","Current Balance - الرصيد الحالى","مدين","نصادق على صحة المديونية / الرصيد","شركة الحكمة للتجارة فى المواد الغذائية والخضروات والفواكه","Page -1 of 1"
 4:01:53PM,"قطر - الدوحة","-","-","-","-","Statement","كشف حساب","ريال قطري",01/01/2024,"From Date - من تاريخ","40010017","Account Number - حساب رقم",31/01/2024,"From Date - من تاريخ","صرف وقبض الحكمة(payment Collection)","Account Name - حساب","2,859,762.34","Opening Balance - الرصيد الافتتاحى","Dis - الشرح","Date-تاريخ","JV-رقم القيد","Ref - المرجع","Balance-الرصيد","Credit - الدائن","Debit - مدين","#","شيك حمدان عن شهر 11 اقفال حتي 2023",16/01/2024,"2024115","G.Ledger","3,541,350.19","41,288.00",0.00,37,"2,859,762.34","Opening Balance - الرصيد الافتتاحى","1,517,929.87","Total Debit - اجمالى المدين","584,002.00","Total Credit - اجمالى الدائن","3,793,690.21","Current Balance - الرصيد الحالى","مدين","نصادق على صحة المديونية / الرصيد","شركة الحكمة للتجارة فى المواد الغذائية والخضروات والفواكه","Page -1 of 1"
 4:01:53PM,"قطر - الدوحة","-","-","-","-","Statement","كشف حساب","ريال قطري",01/01/2024,"From Date - من تاريخ","40010017","Account Number - حساب رقم",31/01/2024,"From Date - من تاريخ","صرف وقبض الحكمة(payment Collection)","Account Name - حساب","2,859,762.34","Opening Balance - الرصيد الافتتاحى","Dis - الشرح","Date-تاريخ","JV-رقم القيد","Ref - المرجع","Balance-الرصيد","Credit - الدائن","Debit - مدين","#","دغعه الي الديزل في الاستور بيد شريف",16/01/2024,"2024128","G.Ledger","3,540,350.19","1,000.00",0.00,38,"2,859,762.34","Opening Balance - الرصيد الافتتاحى","1,517,929.87","Total Debit - اجمالى المدين","584,002.00","Total Credit - اجمالى الدائن","3,793,690.21","Current Balance - الرصيد الحالى","مدين","نصادق على صحة المديونية / الرصيد","شركة الحكمة للتجارة فى المواد الغذائية والخضروات والفواكه","Page -1 of 1"
 4:01:53PM,"قطر - الدوحة","-","-","-","-","Statement","كشف حساب","ريال قطري",01/01/2024,"From Date - من تاريخ","40010017","Account Number - حساب رقم",31/01/2024,"From Date - من تاريخ","صرف وقبض الحكمة(payment Collection)","Account Name - حساب","2,859,762.34","Opening Balance - الرصيد الافتتاحى","Dis - الشرح","Date-تاريخ","JV-رقم القيد","Ref - المرجع","Balance-الرصيد","Credit - الدائن","Debit - مدين","#","دفعه من ياسين البنجالي الي كوثر",16/01/2024,"2024126","G.Ledger","3,538,350.19","2,000.00",0.00,39,"2,859,762.34","Opening Balance - الرصيد الافتتاحى","1,517,929.87","Total Debit - اجمالى المدين","584,002.00","Total Credit - اجمالى الدائن","3,793,690.21","Current Balance - الرصيد الحالى","مدين","نصادق على صحة المديونية / الرصيد","شركة الحكمة للتجارة فى المواد الغذائية والخضروات والفواكه","Page -1 of 1"
 4:01:53PM,"قطر - الدوحة","-","-","-","-","Statement","كشف حساب","ريال قطري",01/01/2024,"From Date - من تاريخ","40010017","Account Number - حساب رقم",31/01/2024,"From Date - من تاريخ","صرف وقبض الحكمة(payment Collection)","Account Name - حساب","2,859,762.34","Opening Balance - الرصيد الافتتاحى","Dis - الشرح","Date-تاريخ","JV-رقم القيد","Ref - المرجع","Balance-الرصيد","Credit - الدائن","Debit - مدين","#","CHEQUE LULU CENTRE NO.01016116",16/01/2024,"2024116","G.Ledger","3,546,628.20",0.00,"8,278.01",40,"2,859,762.34","Opening Balance - الرصيد الافتتاحى","1,517,929.87","Total Debit - اجمالى المدين","584,002.00","Total Credit - اجمالى الدائن","3,793,690.21","Current Balance - الرصيد الحالى","مدين","نصادق على صحة المديونية / الرصيد","شركة الحكمة للتجارة فى المواد الغذائية والخضروات والفواكه","Page -1 of 1"
 4:01:53PM,"قطر - الدوحة","-","-","-","-","Statement","كشف حساب","ريال قطري",01/01/2024,"From Date - من تاريخ","40010017","Account Number - حساب رقم",31/01/2024,"From Date - من تاريخ","صرف وقبض الحكمة(payment Collection)","Account Name - حساب","2,859,762.34","Opening Balance - الرصيد الافتتاحى","Dis - الشرح","Date-تاريخ","JV-رقم القيد","Ref - المرجع","Balance-الرصيد","Credit - الدائن","Debit - مدين","#","CHEQUE LULU HILAL NO.1018420",16/01/2024,"2024117","G.Ledger","3,562,091.72",0.00,"15,463.52",41,"2,859,762.34","Opening Balance - الرصيد الافتتاحى","1,517,929.87","Total Debit - اجمالى المدين","584,002.00","Total Credit - اجمالى الدائن","3,793,690.21","Current Balance - الرصيد الحالى","مدين","نصادق على صحة المديونية / الرصيد","شركة الحكمة للتجارة فى المواد الغذائية والخضروات والفواكه","Page -1 of 1"
 4:01:53PM,"قطر - الدوحة","-","-","-","-","Statement","كشف حساب","ريال قطري",01/01/2024,"From Date - من تاريخ","40010017","Account Number - حساب رقم",31/01/2024,"From Date - من تاريخ","صرف وقبض الحكمة(payment Collection)","Account Name - حساب","2,859,762.34","Opening Balance - الرصيد الافتتاحى","Dis - الشرح","Date-تاريخ","JV-رقم القيد","Ref - المرجع","Balance-الرصيد","Credit - الدائن","Debit - مدين","#","CHEQUE LULU BUSIDRA NO.01010595",16/01/2024,"2024118","G.Ledger","3,587,218.76",0.00,"25,127.04",42,"2,859,762.34","Opening Balance - الرصيد الافتتاحى","1,517,929.87","Total Debit - اجمالى المدين","584,002.00","Total Credit - اجمالى الدائن","3,793,690.21","Current Balance - الرصيد الحالى","مدين","نصادق على صحة المديونية / الرصيد","شركة الحكمة للتجارة فى المواد الغذائية والخضروات والفواكه","Page -1 of 1"
 4:01:53PM,"قطر - الدوحة","-","-","-","-","Statement","كشف حساب","ريال قطري",01/01/2024,"From Date - من تاريخ","40010017","Account Number - حساب رقم",31/01/2024,"From Date - من تاريخ","صرف وقبض الحكمة(payment Collection)","Account Name - حساب","2,859,762.34","Opening Balance - الرصيد الافتتاحى","Dis - الشرح","Date-تاريخ","JV-رقم القيد","Ref - المرجع","Balance-الرصيد","Credit - الدائن","Debit - مدين","#","CHEQUE LULU GHARAFA NO.01075909",16/01/2024,"2024119","G.Ledger","3,620,755.34",0.00,"33,536.58",43,"2,859,762.34","Opening Balance - الرصيد الافتتاحى","1,517,929.87","Total Debit - اجمالى المدين","584,002.00","Total Credit - اجمالى الدائن","3,793,690.21","Current Balance - الرصيد الحالى","مدين","نصادق على صحة المديونية / الرصيد","شركة الحكمة للتجارة فى المواد الغذائية والخضروات والفواكه","Page -1 of 1"
 4:01:53PM,"قطر - الدوحة","-","-","-","-","Statement","كشف حساب","ريال قطري",01/01/2024,"From Date - من تاريخ","40010017","Account Number - حساب رقم",31/01/2024,"From Date - من تاريخ","صرف وقبض الحكمة(payment Collection)","Account Name - حساب","2,859,762.34","Opening Balance - الرصيد الافتتاحى","Dis - الشرح","Date-تاريخ","JV-رقم القيد","Ref - المرجع","Balance-الرصيد","Credit - الدائن","Debit - مدين","#","CHEQUE LULU STORE NO.01014498",16/01/2024,"2024120","G.Ledger","3,655,203.58",0.00,"34,448.24",44,"2,859,762.34","Opening Balance - الرصيد الافتتاحى","1,517,929.87","Total Debit - اجمالى المدين","584,002.00","Total Credit - اجمالى الدائن","3,793,690.21","Current Balance - الرصيد الحالى","مدين","نصادق على صحة المديونية / الرصيد","شركة الحكمة للتجارة فى المواد الغذائية والخضروات والفواكه","Page -1 of 1"
 4:01:53PM,"قطر - الدوحة","-","-","-","-","Statement","كشف حساب","ريال قطري",01/01/2024,"From Date - من تاريخ","40010017","Account Number - حساب رقم",31/01/2024,"From Date - من تاريخ","صرف وقبض الحكمة(payment Collection)","Account Name - حساب","2,859,762.34","Opening Balance - الرصيد الافتتاحى","Dis - الشرح","Date-تاريخ","JV-رقم القيد","Ref - المرجع","Balance-الرصيد","Credit - الدائن","Debit - مدين","#","CHEQUE LULU ALKHOR NO.1058650",16/01/2024,"2024121","G.Ledger","3,690,498.97",0.00,"35,295.39",45,"2,859,762.34","Opening Balance - الرصيد الافتتاحى","1,517,929.87","Total Debit - اجمالى المدين","584,002.00","Total Credit - اجمالى الدائن","3,793,690.21","Current Balance - الرصيد الحالى","مدين","نصادق على صحة المديونية / الرصيد","شركة الحكمة للتجارة فى المواد الغذائية والخضروات والفواكه","Page -1 of 1"
 4:01:53PM,"قطر - الدوحة","-","-","-","-","Statement","كشف حساب","ريال قطري",01/01/2024,"From Date - من تاريخ","40010017","Account Number - حساب رقم",31/01/2024,"From Date - من تاريخ","صرف وقبض الحكمة(payment Collection)","Account Name - حساب","2,859,762.34","Opening Balance - الرصيد الافتتاحى","Dis - الشرح","Date-تاريخ","JV-رقم القيد","Ref - المرجع","Balance-الرصيد","Credit - الدائن","Debit - مدين","#","CHEQUE LULU D RING ROAD NO.01026190",16/01/2024,"2024123","G.Ledger","3,740,609.80",0.00,"50,110.83",46,"2,859,762.34","Opening Balance - الرصيد الافتتاحى","1,517,929.87","Total Debit - اجمالى المدين","584,002.00","Total Credit - اجمالى الدائن","3,793,690.21","Current Balance - الرصيد الحالى","مدين","نصادق على صحة المديونية / الرصيد","شركة الحكمة للتجارة فى المواد الغذائية والخضروات والفواكه","Page -1 of 1"
 4:01:53PM,"قطر - الدوحة","-","-","-","-","Statement","كشف حساب","ريال قطري",01/01/2024,"From Date - من تاريخ","40010017","Account Number - حساب رقم",31/01/2024,"From Date - من تاريخ","صرف وقبض الحكمة(payment Collection)","Account Name - حساب","2,859,762.34","Opening Balance - الرصيد الافتتاحى","Dis - الشرح","Date-تاريخ","JV-رقم القيد","Ref - المرجع","Balance-الرصيد","Credit - الدائن","Debit - مدين","#","دفعه الي محسن  من حست بيد جعفر",17/01/2024,"2024127","G.Ledger","3,738,609.80","2,000.00",0.00,47,"2,859,762.34","Opening Balance - الرصيد الافتتاحى","1,517,929.87","Total Debit - اجمالى المدين","584,002.00","Total Credit - اجمالى الدائن","3,793,690.21","Current Balance - الرصيد الحالى","مدين","نصادق على صحة المديونية / الرصيد","شركة الحكمة للتجارة فى المواد الغذائية والخضروات والفواكه","Page -1 of 1"
 4:01:53PM,"قطر - الدوحة","-","-","-","-","Statement","كشف حساب","ريال قطري",01/01/2024,"From Date - من تاريخ","40010017","Account Number - حساب رقم",31/01/2024,"From Date - من تاريخ","صرف وقبض الحكمة(payment Collection)","Account Name - حساب","2,859,762.34","Opening Balance - الرصيد الافتتاحى","Dis - الشرح","Date-تاريخ","JV-رقم القيد","Ref - المرجع","Balance-الرصيد","Credit - الدائن","Debit - مدين","#","دفعه من فيزه حسن لي كبير",17/01/2024,"202415","Receipts","3,737,609.80","1,000.00",0.00,48,"2,859,762.34","Opening Balance - الرصيد الافتتاحى","1,517,929.87","Total Debit - اجمالى المدين","584,002.00","Total Credit - اجمالى الدائن","3,793,690.21","Current Balance - الرصيد الحالى","مدين","نصادق على صحة المديونية / الرصيد","شركة الحكمة للتجارة فى المواد الغذائية والخضروات والفواكه","Page -1 of 1"
 4:01:53PM,"قطر - الدوحة","-","-","-","-","Statement","كشف حساب","ريال قطري",01/01/2024,"From Date - من تاريخ","40010017","Account Number - حساب رقم",31/01/2024,"From Date - من تاريخ","صرف وقبض الحكمة(payment Collection)","Account Name - حساب","2,859,762.34","Opening Balance - الرصيد الافتتاحى","Dis - الشرح","Date-تاريخ","JV-رقم القيد","Ref - المرجع","Balance-الرصيد","Credit - الدائن","Debit - مدين","#","دفع سكن روبل  بيد حسن",17/01/2024,"202416","Receipts","3,736,109.80","1,500.00",0.00,49,"2,859,762.34","Opening Balance - الرصيد الافتتاحى","1,517,929.87","Total Debit - اجمالى المدين","584,002.00","Total Credit - اجمالى الدائن","3,793,690.21","Current Balance - الرصيد الحالى","مدين","نصادق على صحة المديونية / الرصيد","شركة الحكمة للتجارة فى المواد الغذائية والخضروات والفواكه","Page -1 of 1"
 4:01:53PM,"قطر - الدوحة","-","-","-","-","Statement","كشف حساب","ريال قطري",01/01/2024,"From Date - من تاريخ","40010017","Account Number - حساب رقم",31/01/2024,"From Date - من تاريخ","صرف وقبض الحكمة(payment Collection)","Account Name - حساب","2,859,762.34","Opening Balance - الرصيد الافتتاحى","Dis - الشرح","Date-تاريخ","JV-رقم القيد","Ref - المرجع","Balance-الرصيد","Credit - الدائن","Debit - مدين","#","دفعه بيد محمد حسنين",17/01/2024,"202418","Receipts","3,735,609.80",500.00,0.00,50,"2,859,762.34","Opening Balance - الرصيد الافتتاحى","1,517,929.87","Total Debit - اجمالى المدين","584,002.00","Total Credit - اجمالى الدائن","3,793,690.21","Current Balance - الرصيد الحالى","مدين","نصادق على صحة المديونية / الرصيد","شركة الحكمة للتجارة فى المواد الغذائية والخضروات والفواكه","Page -1 of 1"
 4:01:53PM,"قطر - الدوحة","-","-","-","-","Statement","كشف حساب","ريال قطري",01/01/2024,"From Date - من تاريخ","40010017","Account Number - حساب رقم",31/01/2024,"From Date - من تاريخ","صرف وقبض الحكمة(payment Collection)","Account Name - حساب","2,859,762.34","Opening Balance - الرصيد الافتتاحى","Dis - الشرح","Date-تاريخ","JV-رقم القيد","Ref - المرجع","Balance-الرصيد","Credit - الدائن","Debit - مدين","#","دفعه من محمد حسنين الي علي لي الاوبر",18/01/2024,"202417","Receipts","3,735,409.80",200.00,0.00,51,"2,859,762.34","Opening Balance - الرصيد الافتتاحى","1,517,929.87","Total Debit - اجمالى المدين","584,002.00","Total Credit - اجمالى الدائن","3,793,690.21","Current Balance - الرصيد الحالى","مدين","نصادق على صحة المديونية / الرصيد","شركة الحكمة للتجارة فى المواد الغذائية والخضروات والفواكه","Page -1 of 1"
 4:01:53PM,"قطر - الدوحة","-","-","-","-","Statement","كشف حساب","ريال قطري",01/01/2024,"From Date - من تاريخ","40010017","Account Number - حساب رقم",31/01/2024,"From Date - من تاريخ","صرف وقبض الحكمة(payment Collection)","Account Name - حساب","2,859,762.34","Opening Balance - الرصيد الافتتاحى","Dis - الشرح","Date-تاريخ","JV-رقم القيد","Ref - المرجع","Balance-الرصيد","Credit - الدائن","Debit - مدين","#","دفعه من حماده الي روبيل +850 من حسن",18/01/2024,"2024129","G.Ledger","3,725,409.80","10,000.00",0.00,52,"2,859,762.34","Opening Balance - الرصيد الافتتاحى","1,517,929.87","Total Debit - اجمالى المدين","584,002.00","Total Credit - اجمالى الدائن","3,793,690.21","Current Balance - الرصيد الحالى","مدين","نصادق على صحة المديونية / الرصيد","شركة الحكمة للتجارة فى المواد الغذائية والخضروات والفواكه","Page -1 of 1"
 4:01:53PM,"قطر - الدوحة","-","-","-","-","Statement","كشف حساب","ريال قطري",01/01/2024,"From Date - من تاريخ","40010017","Account Number - حساب رقم",31/01/2024,"From Date - من تاريخ","صرف وقبض الحكمة(payment Collection)","Account Name - حساب","2,859,762.34","Opening Balance - الرصيد الافتتاحى","Dis - الشرح","Date-تاريخ","JV-رقم القيد","Ref - المرجع","Balance-الرصيد","Credit - الدائن","Debit - مدين","#","CHEQUE LULU B RING ROAD NO.1016354",18/01/2024,"2024130","G.Ledger","3,736,808.70",0.00,"11,398.90",53,"2,859,762.34","Opening Balance - الرصيد الافتتاحى","1,517,929.87","Total Debit - اجمالى المدين","584,002.00","Total Credit - اجمالى الدائن","3,793,690.21","Current Balance - الرصيد الحالى","مدين","نصادق على صحة المديونية / الرصيد","شركة الحكمة للتجارة فى المواد الغذائية والخضروات والفواكه","Page -1 of 1"
 4:01:53PM,"قطر - الدوحة","-","-","-","-","Statement","كشف حساب","ريال قطري",01/01/2024,"From Date - من تاريخ","40010017","Account Number - حساب رقم",31/01/2024,"From Date - من تاريخ","صرف وقبض الحكمة(payment Collection)","Account Name - حساب","2,859,762.34","Opening Balance - الرصيد الافتتاحى","Dis - الشرح","Date-تاريخ","JV-رقم القيد","Ref - المرجع","Balance-الرصيد","Credit - الدائن","Debit - مدين","#","CHEQUE LULU BIN MAHMOUD NO.00012717",18/01/2024,"2024131","G.Ledger","3,749,033.12",0.00,"12,224.42",54,"2,859,762.34","Opening Balance - الرصيد الافتتاحى","1,517,929.87","Total Debit - اجمالى المدين","584,002.00","Total Credit - اجمالى الدائن","3,793,690.21","Current Balance - الرصيد الحالى","مدين","نصادق على صحة المديونية / الرصيد","شركة الحكمة للتجارة فى المواد الغذائية والخضروات والفواكه","Page -1 of 1"
 4:01:53PM,"قطر - الدوحة","-","-","-","-","Statement","كشف حساب","ريال قطري",01/01/2024,"From Date - من تاريخ","40010017","Account Number - حساب رقم",31/01/2024,"From Date - من تاريخ","صرف وقبض الحكمة(payment Collection)","Account Name - حساب","2,859,762.34","Opening Balance - الرصيد الافتتاحى","Dis - الشرح","Date-تاريخ","JV-رقم القيد","Ref - المرجع","Balance-الرصيد","Credit - الدائن","Debit - مدين","#","CHEQUE LULU SALWA ROAD NO.00122228",18/01/2024,"2024132","G.Ledger","3,766,731.13",0.00,"17,698.01",55,"2,859,762.34","Opening Balance - الرصيد الافتتاحى","1,517,929.87","Total Debit - اجمالى المدين","584,002.00","Total Credit - اجمالى الدائن","3,793,690.21","Current Balance - الرصيد الحالى","مدين","نصادق على صحة المديونية / الرصيد","شركة الحكمة للتجارة فى المواد الغذائية والخضروات والفواكه","Page -1 of 1"
 4:01:53PM,"قطر - الدوحة","-","-","-","-","Statement","كشف حساب","ريال قطري",01/01/2024,"From Date - من تاريخ","40010017","Account Number - حساب رقم",31/01/2024,"From Date - من تاريخ","صرف وقبض الحكمة(payment Collection)","Account Name - حساب","2,859,762.34","Opening Balance - الرصيد الافتتاحى","Dis - الشرح","Date-تاريخ","JV-رقم القيد","Ref - المرجع","Balance-الرصيد","Credit - الدائن","Debit - مدين","#","CHEQUE LULU MESHAF NO.00115629",18/01/2024,"2024133","G.Ledger","3,785,000.29",0.00,"18,269.16",56,"2,859,762.34","Opening Balance - الرصيد الافتتاحى","1,517,929.87","Total Debit - اجمالى المدين","584,002.00","Total Credit - اجمالى الدائن","3,793,690.21","Current Balance - الرصيد الحالى","مدين","نصادق على صحة المديونية / الرصيد","شركة الحكمة للتجارة فى المواد الغذائية والخضروات والفواكه","Page -1 of 1"
 4:01:53PM,"قطر - الدوحة","-","-","-","-","Statement","كشف حساب","ريال قطري",01/01/2024,"From Date - من تاريخ","40010017","Account Number - حساب رقم",31/01/2024,"From Date - من تاريخ","صرف وقبض الحكمة(payment Collection)","Account Name - حساب","2,859,762.34","Opening Balance - الرصيد الافتتاحى","Dis - الشرح","Date-تاريخ","JV-رقم القيد","Ref - المرجع","Balance-الرصيد","Credit - الدائن","Debit - مدين","#","CHEQUE LULU EZDAN OASIS NO.01019308",18/01/2024,"2024134","G.Ledger","3,804,809.77",0.00,"19,809.48",57,"2,859,762.34","Opening Balance - الرصيد الافتتاحى","1,517,929.87","Total Debit - اجمالى المدين","584,002.00","Total Credit - اجمالى الدائن","3,793,690.21","Current Balance - الرصيد الحالى","مدين","نصادق على صحة المديونية / الرصيد","شركة الحكمة للتجارة فى المواد الغذائية والخضروات والفواكه","Page -1 of 1"
 4:01:53PM,"قطر - الدوحة","-","-","-","-","Statement","كشف حساب","ريال قطري",01/01/2024,"From Date - من تاريخ","40010017","Account Number - حساب رقم",31/01/2024,"From Date - من تاريخ","صرف وقبض الحكمة(payment Collection)","Account Name - حساب","2,859,762.34","Opening Balance - الرصيد الافتتاحى","Dis - الشرح","Date-تاريخ","JV-رقم القيد","Ref - المرجع","Balance-الرصيد","Credit - الدائن","Debit - مدين","#","CHEQUE LULU PEARL NO.01004045",18/01/2024,"2024135","G.Ledger","3,824,798.82",0.00,"19,989.05",58,"2,859,762.34","Opening Balance - الرصيد الافتتاحى","1,517,929.87","Total Debit - اجمالى المدين","584,002.00","Total Credit - اجمالى الدائن","3,793,690.21","Current Balance - الرصيد الحالى","مدين","نصادق على صحة المديونية / الرصيد","شركة الحكمة للتجارة فى المواد الغذائية والخضروات والفواكه","Page -1 of 1"
 4:01:53PM,"قطر - الدوحة","-","-","-","-","Statement","كشف حساب","ريال قطري",01/01/2024,"From Date - من تاريخ","40010017","Account Number - حساب رقم",31/01/2024,"From Date - من تاريخ","صرف وقبض الحكمة(payment Collection)","Account Name - حساب","2,859,762.34","Opening Balance - الرصيد الافتتاحى","Dis - الشرح","Date-تاريخ","JV-رقم القيد","Ref - المرجع","Balance-الرصيد","Credit - الدائن","Debit - مدين","#","CHEQUE LULU BARWA NO.1043817",18/01/2024,"2024136","G.Ledger","3,867,312.90",0.00,"42,514.08",59,"2,859,762.34","Opening Balance - الرصيد الافتتاحى","1,517,929.87","Total Debit - اجمالى المدين","584,002.00","Total Credit - اجمالى الدائن","3,793,690.21","Current Balance - الرصيد الحالى","مدين","نصادق على صحة المديونية / الرصيد","شركة الحكمة للتجارة فى المواد الغذائية والخضروات والفواكه","Page -1 of 1"
 4:01:53PM,"قطر - الدوحة","-","-","-","-","Statement","كشف حساب","ريال قطري",01/01/2024,"From Date - من تاريخ","40010017","Account Number - حساب رقم",31/01/2024,"From Date - من تاريخ","صرف وقبض الحكمة(payment Collection)","Account Name - حساب","2,859,762.34","Opening Balance - الرصيد الافتتاحى","Dis - الشرح","Date-تاريخ","JV-رقم القيد","Ref - المرجع","Balance-الرصيد","Credit - الدائن","Debit - مدين","#","CHEQUE LULU AINKHALID NO.01006812",18/01/2024,"2024137","G.Ledger","3,913,734.41",0.00,"46,421.51",60,"2,859,762.34","Opening Balance - الرصيد الافتتاحى","1,517,929.87","Total Debit - اجمالى المدين","584,002.00","Total Credit - اجمالى الدائن","3,793,690.21","Current Balance - الرصيد الحالى","مدين","نصادق على صحة المديونية / الرصيد","شركة الحكمة للتجارة فى المواد الغذائية والخضروات والفواكه","Page -1 of 1"
 4:01:53PM,"قطر - الدوحة","-","-","-","-","Statement","كشف حساب","ريال قطري",01/01/2024,"From Date - من تاريخ","40010017","Account Number - حساب رقم",31/01/2024,"From Date - من تاريخ","صرف وقبض الحكمة(payment Collection)","Account Name - حساب","2,859,762.34","Opening Balance - الرصيد الافتتاحى","Dis - الشرح","Date-تاريخ","JV-رقم القيد","Ref - المرجع","Balance-الرصيد","Credit - الدائن","Debit - مدين","#","CHEQUE LULU MESSILA NO.1036468",18/01/2024,"2024138","G.Ledger","3,976,091.55",0.00,"62,357.14",61,"2,859,762.34","Opening Balance - الرصيد الافتتاحى","1,517,929.87","Total Debit - اجمالى المدين","584,002.00","Total Credit - اجمالى الدائن","3,793,690.21","Current Balance - الرصيد الحالى","مدين","نصادق على صحة المديونية / الرصيد","شركة الحكمة للتجارة فى المواد الغذائية والخضروات والفواكه","Page -1 of 1"
 4:01:53PM,"قطر - الدوحة","-","-","-","-","Statement","كشف حساب","ريال قطري",01/01/2024,"From Date - من تاريخ","40010017","Account Number - حساب رقم",31/01/2024,"From Date - من تاريخ","صرف وقبض الحكمة(payment Collection)","Account Name - حساب","2,859,762.34","Opening Balance - الرصيد الافتتاحى","Dis - الشرح","Date-تاريخ","JV-رقم القيد","Ref - المرجع","Balance-الرصيد","Credit - الدائن","Debit - مدين","#","من درج حسن",20/01/2024,"202420","Receipts","3,975,591.55",500.00,0.00,62,"2,859,762.34","Opening Balance - الرصيد الافتتاحى","1,517,929.87","Total Debit - اجمالى المدين","584,002.00","Total Credit - اجمالى الدائن","3,793,690.21","Current Balance - الرصيد الحالى","مدين","نصادق على صحة المديونية / الرصيد","شركة الحكمة للتجارة فى المواد الغذائية والخضروات والفواكه","Page -1 of 1"
 4:01:53PM,"قطر - الدوحة","-","-","-","-","Statement","كشف حساب","ريال قطري",01/01/2024,"From Date - من تاريخ","40010017","Account Number - حساب رقم",31/01/2024,"From Date - من تاريخ","صرف وقبض الحكمة(payment Collection)","Account Name - حساب","2,859,762.34","Opening Balance - الرصيد الافتتاحى","Dis - الشرح","Date-تاريخ","JV-رقم القيد","Ref - المرجع","Balance-الرصيد","Credit - الدائن","Debit - مدين","#","اقفال فواتير سي ار حتي 20/1/2024",20/01/2024,"2024246","G.Ledger","3,884,073.55","91,518.00",0.00,63,"2,859,762.34","Opening Balance - الرصيد الافتتاحى","1,517,929.87","Total Debit - اجمالى المدين","584,002.00","Total Credit - اجمالى الدائن","3,793,690.21","Current Balance - الرصيد الحالى","مدين","نصادق على صحة المديونية / الرصيد","شركة الحكمة للتجارة فى المواد الغذائية والخضروات والفواكه","Page -1 of 1"
 4:01:53PM,"قطر - الدوحة","-","-","-","-","Statement","كشف حساب","ريال قطري",01/01/2024,"From Date - من تاريخ","40010017","Account Number - حساب رقم",31/01/2024,"From Date - من تاريخ","صرف وقبض الحكمة(payment Collection)","Account Name - حساب","2,859,762.34","Opening Balance - الرصيد الافتتاحى","Dis - الشرح","Date-تاريخ","JV-رقم القيد","Ref - المرجع","Balance-الرصيد","Credit - الدائن","Debit - مدين","#","اقفال فواتيرسبار حتي 20/1/2024",20/01/2024,"2024246","G.Ledger","3,812,221.55","71,852.00",0.00,64,"2,859,762.34","Opening Balance - الرصيد الافتتاحى","1,517,929.87","Total Debit - اجمالى المدين","584,002.00","Total Credit - اجمالى الدائن","3,793,690.21","Current Balance - الرصيد الحالى","مدين","نصادق على صحة المديونية / الرصيد","شركة الحكمة للتجارة فى المواد الغذائية والخضروات والفواكه","Page -1 of 1"
 4:01:53PM,"قطر - الدوحة","-","-","-","-","Statement","كشف حساب","ريال قطري",01/01/2024,"From Date - من تاريخ","40010017","Account Number - حساب رقم",31/01/2024,"From Date - من تاريخ","صرف وقبض الحكمة(payment Collection)","Account Name - حساب","2,859,762.34","Opening Balance - الرصيد الافتتاحى","Dis - الشرح","Date-تاريخ","JV-رقم القيد","Ref - المرجع","Balance-الرصيد","Credit - الدائن","Debit - مدين","#","دفعه من درج حسن 160 عشارات و 3الف فائه 200 رلي رواتب و سكند اوردر",20/01/2024,"202419","Receipts","3,808,961.55","3,260.00",0.00,65,"2,859,762.34","Opening Balance - الرصيد الافتتاحى","1,517,929.87","Total Debit - اجمالى المدين","584,002.00","Total Credit - اجمالى الدائن","3,793,690.21","Current Balance - الرصيد الحالى","مدين","نصادق على صحة المديونية / الرصيد","شركة الحكمة للتجارة فى المواد الغذائية والخضروات والفواكه","Page -1 of 1"
 4:01:53PM,"قطر - الدوحة","-","-","-","-","Statement","كشف حساب","ريال قطري",01/01/2024,"From Date - من تاريخ","40010017","Account Number - حساب رقم",31/01/2024,"From Date - من تاريخ","صرف وقبض الحكمة(payment Collection)","Account Name - حساب","2,859,762.34","Opening Balance - الرصيد الافتتاحى","Dis - الشرح","Date-تاريخ","JV-رقم القيد","Ref - المرجع","Balance-الرصيد","Credit - الدائن","Debit - مدين","#","دفعه من فيزا حسن",21/01/2024,"2024140","G.Ledger","3,806,961.55","2,000.00",0.00,66,"2,859,762.34","Opening Balance - الرصيد الافتتاحى","1,517,929.87","Total Debit - اجمالى المدين","584,002.00","Total Credit - اجمالى الدائن","3,793,690.21","Current Balance - الرصيد الحالى","مدين","نصادق على صحة المديونية / الرصيد","شركة الحكمة للتجارة فى المواد الغذائية والخضروات والفواكه","Page -1 of 1"
 4:01:53PM,"قطر - الدوحة","-","-","-","-","Statement","كشف حساب","ريال قطري",01/01/2024,"From Date - من تاريخ","40010017","Account Number - حساب رقم",31/01/2024,"From Date - من تاريخ","صرف وقبض الحكمة(payment Collection)","Account Name - حساب","2,859,762.34","Opening Balance - الرصيد الافتتاحى","Dis - الشرح","Date-تاريخ","JV-رقم القيد","Ref - المرجع","Balance-الرصيد","Credit - الدائن","Debit - مدين","#","CHEQUE LULU MDEENATH NO.01001731",21/01/2024,"2024141","G.Ledger","3,811,540.13",0.00,"4,578.58",67,"2,859,762.34","Opening Balance - الرصيد الافتتاحى","1,517,929.87","Total Debit - اجمالى المدين","584,002.00","Total Credit - اجمالى الدائن","3,793,690.21","Current Balance - الرصيد الحالى","مدين","نصادق على صحة المديونية / الرصيد","شركة الحكمة للتجارة فى المواد الغذائية والخضروات والفواكه","Page -1 of 1"
 4:01:53PM,"قطر - الدوحة","-","-","-","-","Statement","كشف حساب","ريال قطري",01/01/2024,"From Date - من تاريخ","40010017","Account Number - حساب رقم",31/01/2024,"From Date - من تاريخ","صرف وقبض الحكمة(payment Collection)","Account Name - حساب","2,859,762.34","Opening Balance - الرصيد الافتتاحى","Dis - الشرح","Date-تاريخ","JV-رقم القيد","Ref - المرجع","Balance-الرصيد","Credit - الدائن","Debit - مدين","#","CHEQUE LULU EXPRESS RAYAN NO.1021878",21/01/2024,"2024142","G.Ledger","3,819,028.30",0.00,"7,488.17",68,"2,859,762.34","Opening Balance - الرصيد الافتتاحى","1,517,929.87","Total Debit - اجمالى المدين","584,002.00","Total Credit - اجمالى الدائن","3,793,690.21","Current Balance - الرصيد الحالى","مدين","نصادق على صحة المديونية / الرصيد","شركة الحكمة للتجارة فى المواد الغذائية والخضروات والفواكه","Page -1 of 1"
 4:01:53PM,"قطر - الدوحة","-","-","-","-","Statement","كشف حساب","ريال قطري",01/01/2024,"From Date - من تاريخ","40010017","Account Number - حساب رقم",31/01/2024,"From Date - من تاريخ","صرف وقبض الحكمة(payment Collection)","Account Name - حساب","2,859,762.34","Opening Balance - الرصيد الافتتاحى","Dis - الشرح","Date-تاريخ","JV-رقم القيد","Ref - المرجع","Balance-الرصيد","Credit - الدائن","Debit - مدين","#","دفعه من محمد حسنين الي محمج علي اوبر",21/01/2024,"202421","Receipts","3,818,988.30",40.00,0.00,69,"2,859,762.34","Opening Balance - الرصيد الافتتاحى","1,517,929.87","Total Debit - اجمالى المدين","584,002.00","Total Credit - اجمالى الدائن","3,793,690.21","Current Balance - الرصيد الحالى","مدين","نصادق على صحة المديونية / الرصيد","شركة الحكمة للتجارة فى المواد الغذائية والخضروات والفواكه","Page -1 of 1"
 4:01:53PM,"قطر - الدوحة","-","-","-","-","Statement","كشف حساب","ريال قطري",01/01/2024,"From Date - من تاريخ","40010017","Account Number - حساب رقم",31/01/2024,"From Date - من تاريخ","صرف وقبض الحكمة(payment Collection)","Account Name - حساب","2,859,762.34","Opening Balance - الرصيد الافتتاحى","Dis - الشرح","Date-تاريخ","JV-رقم القيد","Ref - المرجع","Balance-الرصيد","Credit - الدائن","Debit - مدين","#","تحويل الى محى الدين ستاركينج",21/01/2024,"2024161","G.Ledger","3,798,988.30","20,000.00",0.00,70,"2,859,762.34","Opening Balance - الرصيد الافتتاحى","1,517,929.87","Total Debit - اجمالى المدين","584,002.00","Total Credit - اجمالى الدائن","3,793,690.21","Current Balance - الرصيد الحالى","مدين","نصادق على صحة المديونية / الرصيد","شركة الحكمة للتجارة فى المواد الغذائية والخضروات والفواكه","Page -1 of 1"
 4:01:53PM,"قطر - الدوحة","-","-","-","-","Statement","كشف حساب","ريال قطري",01/01/2024,"From Date - من تاريخ","40010017","Account Number - حساب رقم",31/01/2024,"From Date - من تاريخ","صرف وقبض الحكمة(payment Collection)","Account Name - حساب","2,859,762.34","Opening Balance - الرصيد الافتتاحى","Dis - الشرح","Date-تاريخ","JV-رقم القيد","Ref - المرجع","Balance-الرصيد","Credit - الدائن","Debit - مدين","#","تجويل سبار تاريخ 22/1/2024 عن النص التاني من شهر 11/2023",22/01/2024,"2024156","G.Ledger","3,952,756.21",0.00,"153,767.91",71,"2,859,762.34","Opening Balance - الرصيد الافتتاحى","1,517,929.87","Total Debit - اجمالى المدين","584,002.00","Total Credit - اجمالى الدائن","3,793,690.21","Current Balance - الرصيد الحالى","مدين","نصادق على صحة المديونية / الرصيد","شركة الحكمة للتجارة فى المواد الغذائية والخضروات والفواكه","Page -1 of 1"
 4:01:53PM,"قطر - الدوحة","-","-","-","-","Statement","كشف حساب","ريال قطري",01/01/2024,"From Date - من تاريخ","40010017","Account Number - حساب رقم",31/01/2024,"From Date - من تاريخ","صرف وقبض الحكمة(payment Collection)","Account Name - حساب","2,859,762.34","Opening Balance - الرصيد الافتتاحى","Dis - الشرح","Date-تاريخ","JV-رقم القيد","Ref - المرجع","Balance-الرصيد","Credit - الدائن","Debit - مدين","#","تحويل من محمد حسنين الي محمد علي",23/01/2024,"2024245","G.Ledger","3,952,556.21",200.00,0.00,72,"2,859,762.34","Opening Balance - الرصيد الافتتاحى","1,517,929.87","Total Debit - اجمالى المدين","584,002.00","Total Credit - اجمالى الدائن","3,793,690.21","Current Balance - الرصيد الحالى","مدين","نصادق على صحة المديونية / الرصيد","شركة الحكمة للتجارة فى المواد الغذائية والخضروات والفواكه","Page -1 of 1"
 4:01:53PM,"قطر - الدوحة","-","-","-","-","Statement","كشف حساب","ريال قطري",01/01/2024,"From Date - من تاريخ","40010017","Account Number - حساب رقم",31/01/2024,"From Date - من تاريخ","صرف وقبض الحكمة(payment Collection)","Account Name - حساب","2,859,762.34","Opening Balance - الرصيد الافتتاحى","Dis - الشرح","Date-تاريخ","JV-رقم القيد","Ref - المرجع","Balance-الرصيد","Credit - الدائن","Debit - مدين","#","CHEQUE SAUDIA HYPERMARKET NO.1031070",23/01/2024,"2024149","G.Ledger","3,971,186.21",0.00,"18,630.00",73,"2,859,762.34","Opening Balance - الرصيد الافتتاحى","1,517,929.87","Total Debit - اجمالى المدين","584,002.00","Total Credit - اجمالى الدائن","3,793,690.21","Current Balance - الرصيد الحالى","مدين","نصادق على صحة المديونية / الرصيد","شركة الحكمة للتجارة فى المواد الغذائية والخضروات والفواكه","Page -1 of 1"
 4:01:53PM,"قطر - الدوحة","-","-","-","-","Statement","كشف حساب","ريال قطري",01/01/2024,"From Date - من تاريخ","40010017","Account Number - حساب رقم",31/01/2024,"From Date - من تاريخ","صرف وقبض الحكمة(payment Collection)","Account Name - حساب","2,859,762.34","Opening Balance - الرصيد الافتتاحى","Dis - الشرح","Date-تاريخ","JV-رقم القيد","Ref - المرجع","Balance-الرصيد","Credit - الدائن","Debit - مدين","#","دفعه بيد حسن",24/01/2024,"2024157","G.Ledger","3,969,186.21","2,000.00",0.00,74,"2,859,762.34","Opening Balance - الرصيد الافتتاحى","1,517,929.87","Total Debit - اجمالى المدين","584,002.00","Total Credit - اجمالى الدائن","3,793,690.21","Current Balance - الرصيد الحالى","مدين","نصادق على صحة المديونية / الرصيد","شركة الحكمة للتجارة فى المواد الغذائية والخضروات والفواكه","Page -1 of 1"
 4:01:53PM,"قطر - الدوحة","-","-","-","-","Statement","كشف حساب","ريال قطري",01/01/2024,"From Date - من تاريخ","40010017","Account Number - حساب رقم",31/01/2024,"From Date - من تاريخ","صرف وقبض الحكمة(payment Collection)","Account Name - حساب","2,859,762.34","Opening Balance - الرصيد الافتتاحى","Dis - الشرح","Date-تاريخ","JV-رقم القيد","Ref - المرجع","Balance-الرصيد","Credit - الدائن","Debit - مدين","#","رول من الاستور",24/01/2024,"2024464","G.Ledger","3,968,996.21",190.00,0.00,75,"2,859,762.34","Opening Balance - الرصيد الافتتاحى","1,517,929.87","Total Debit - اجمالى المدين","584,002.00","Total Credit - اجمالى الدائن","3,793,690.21","Current Balance - الرصيد الحالى","مدين","نصادق على صحة المديونية / الرصيد","شركة الحكمة للتجارة فى المواد الغذائية والخضروات والفواكه","Page -1 of 1"
 4:01:53PM,"قطر - الدوحة","-","-","-","-","Statement","كشف حساب","ريال قطري",01/01/2024,"From Date - من تاريخ","40010017","Account Number - حساب رقم",31/01/2024,"From Date - من تاريخ","صرف وقبض الحكمة(payment Collection)","Account Name - حساب","2,859,762.34","Opening Balance - الرصيد الافتتاحى","Dis - الشرح","Date-تاريخ","JV-رقم القيد","Ref - المرجع","Balance-الرصيد","Credit - الدائن","Debit - مدين","#","دفعه من محمد حسنين",24/01/2024,"202422","Receipts","3,968,796.21",200.00,0.00,76,"2,859,762.34","Opening Balance - الرصيد الافتتاحى","1,517,929.87","Total Debit - اجمالى المدين","584,002.00","Total Credit - اجمالى الدائن","3,793,690.21","Current Balance - الرصيد الحالى","مدين","نصادق على صحة المديونية / الرصيد","شركة الحكمة للتجارة فى المواد الغذائية والخضروات والفواكه","Page -1 of 1"
 4:01:53PM,"قطر - الدوحة","-","-","-","-","Statement","كشف حساب","ريال قطري",01/01/2024,"From Date - من تاريخ","40010017","Account Number - حساب رقم",31/01/2024,"From Date - من تاريخ","صرف وقبض الحكمة(payment Collection)","Account Name - حساب","2,859,762.34","Opening Balance - الرصيد الافتتاحى","Dis - الشرح","Date-تاريخ","JV-رقم القيد","Ref - المرجع","Balance-الرصيد","Credit - الدائن","Debit - مدين","#","دفعه جنه بلدنا  اخدهم محمد في الاستور",25/01/2024,"2024158","G.Ledger","3,989,796.21",0.00,"21,000.00",77,"2,859,762.34","Opening Balance - الرصيد الافتتاحى","1,517,929.87","Total Debit - اجمالى المدين","584,002.00","Total Credit - اجمالى الدائن","3,793,690.21","Current Balance - الرصيد الحالى","مدين","نصادق على صحة المديونية / الرصيد","شركة الحكمة للتجارة فى المواد الغذائية والخضروات والفواكه","Page -1 of 1"
 4:01:53PM,"قطر - الدوحة","-","-","-","-","Statement","كشف حساب","ريال قطري",01/01/2024,"From Date - من تاريخ","40010017","Account Number - حساب رقم",31/01/2024,"From Date - من تاريخ","صرف وقبض الحكمة(payment Collection)","Account Name - حساب","2,859,762.34","Opening Balance - الرصيد الافتتاحى","Dis - الشرح","Date-تاريخ","JV-رقم القيد","Ref - المرجع","Balance-الرصيد","Credit - الدائن","Debit - مدين","#","دفعه بيد حسن الي روبل",26/01/2024,"2024216","G.Ledger","3,981,796.21","8,000.00",0.00,78,"2,859,762.34","Opening Balance - الرصيد الافتتاحى","1,517,929.87","Total Debit - اجمالى المدين","584,002.00","Total Credit - اجمالى الدائن","3,793,690.21","Current Balance - الرصيد الحالى","مدين","نصادق على صحة المديونية / الرصيد","شركة الحكمة للتجارة فى المواد الغذائية والخضروات والفواكه","Page -1 of 1"
 4:01:53PM,"قطر - الدوحة","-","-","-","-","Statement","كشف حساب","ريال قطري",01/01/2024,"From Date - من تاريخ","40010017","Account Number - حساب رقم",31/01/2024,"From Date - من تاريخ","صرف وقبض الحكمة(payment Collection)","Account Name - حساب","2,859,762.34","Opening Balance - الرصيد الافتتاحى","Dis - الشرح","Date-تاريخ","JV-رقم القيد","Ref - المرجع","Balance-الرصيد","Credit - الدائن","Debit - مدين","#","شيك الايمان رقم 815 مشتريات شهر 12  استحقاق تاريخ 26/2/2024",27/01/2024,"2024217","G.Ledger","3,944,914.21","36,882.00",0.00,79,"2,859,762.34","Opening Balance - الرصيد الافتتاحى","1,517,929.87","Total Debit - اجمالى المدين","584,002.00","Total Credit - اجمالى الدائن","3,793,690.21","Current Balance - الرصيد الحالى","مدين","نصادق على صحة المديونية / الرصيد","شركة الحكمة للتجارة فى المواد الغذائية والخضروات والفواكه","Page -1 of 1"
 4:01:53PM,"قطر - الدوحة","-","-","-","-","Statement","كشف حساب","ريال قطري",01/01/2024,"From Date - من تاريخ","40010017","Account Number - حساب رقم",31/01/2024,"From Date - من تاريخ","صرف وقبض الحكمة(payment Collection)","Account Name - حساب","2,859,762.34","Opening Balance - الرصيد الافتتاحى","Dis - الشرح","Date-تاريخ","JV-رقم القيد","Ref - المرجع","Balance-الرصيد","Credit - الدائن","Debit - مدين","#","شيك الايمان رقم 814مشتريات شهر 12  استحقاق تاريخ 15/2/2024",27/01/2024,"2024217","G.Ledger","3,908,032.21","36,882.00",0.00,80,"2,859,762.34","Opening Balance - الرصيد الافتتاحى","1,517,929.87","Total Debit - اجمالى المدين","584,002.00","Total Credit - اجمالى الدائن","3,793,690.21","Current Balance - الرصيد الحالى","مدين","نصادق على صحة المديونية / الرصيد","شركة الحكمة للتجارة فى المواد الغذائية والخضروات والفواكه","Page -1 of 1"
 4:01:53PM,"قطر - الدوحة","-","-","-","-","Statement","كشف حساب","ريال قطري",01/01/2024,"From Date - من تاريخ","40010017","Account Number - حساب رقم",31/01/2024,"From Date - من تاريخ","صرف وقبض الحكمة(payment Collection)","Account Name - حساب","2,859,762.34","Opening Balance - الرصيد الافتتاحى","Dis - الشرح","Date-تاريخ","JV-رقم القيد","Ref - المرجع","Balance-الرصيد","Credit - الدائن","Debit - مدين","#","دفعه بيد حسن",27/01/2024,"202423","Receipts","3,903,032.21","5,000.00",0.00,81,"2,859,762.34","Opening Balance - الرصيد الافتتاحى","1,517,929.87","Total Debit - اجمالى المدين","584,002.00","Total Credit - اجمالى الدائن","3,793,690.21","Current Balance - الرصيد الحالى","مدين","نصادق على صحة المديونية / الرصيد","شركة الحكمة للتجارة فى المواد الغذائية والخضروات والفواكه","Page -1 of 1"
 4:01:53PM,"قطر - الدوحة","-","-","-","-","Statement","كشف حساب","ريال قطري",01/01/2024,"From Date - من تاريخ","40010017","Account Number - حساب رقم",31/01/2024,"From Date - من تاريخ","صرف وقبض الحكمة(payment Collection)","Account Name - حساب","2,859,762.34","Opening Balance - الرصيد الافتتاحى","Dis - الشرح","Date-تاريخ","JV-رقم القيد","Ref - المرجع","Balance-الرصيد","Credit - الدائن","Debit - مدين","#","دفعه بيد حسن",27/01/2024,"2024249","G.Ledger","3,898,032.21","5,000.00",0.00,82,"2,859,762.34","Opening Balance - الرصيد الافتتاحى","1,517,929.87","Total Debit - اجمالى المدين","584,002.00","Total Credit - اجمالى الدائن","3,793,690.21","Current Balance - الرصيد الحالى","مدين","نصادق على صحة المديونية / الرصيد","شركة الحكمة للتجارة فى المواد الغذائية والخضروات والفواكه","Page -1 of 1"
 4:01:53PM,"قطر - الدوحة","-","-","-","-","Statement","كشف حساب","ريال قطري",01/01/2024,"From Date - من تاريخ","40010017","Account Number - حساب رقم",31/01/2024,"From Date - من تاريخ","صرف وقبض الحكمة(payment Collection)","Account Name - حساب","2,859,762.34","Opening Balance - الرصيد الافتتاحى","Dis - الشرح","Date-تاريخ","JV-رقم القيد","Ref - المرجع","Balance-الرصيد","Credit - الدائن","Debit - مدين","#","دفعه بيد حسن الي شرف",28/01/2024,"2024250","G.Ledger","3,888,032.21","10,000.00",0.00,83,"2,859,762.34","Opening Balance - الرصيد الافتتاحى","1,517,929.87","Total Debit - اجمالى المدين","584,002.00","Total Credit - اجمالى الدائن","3,793,690.21","Current Balance - الرصيد الحالى","مدين","نصادق على صحة المديونية / الرصيد","شركة الحكمة للتجارة فى المواد الغذائية والخضروات والفواكه","Page -1 of 1"
 4:01:53PM,"قطر - الدوحة","-","-","-","-","Statement","كشف حساب","ريال قطري",01/01/2024,"From Date - من تاريخ","40010017","Account Number - حساب رقم",31/01/2024,"From Date - من تاريخ","صرف وقبض الحكمة(payment Collection)","Account Name - حساب","2,859,762.34","Opening Balance - الرصيد الافتتاحى","Dis - الشرح","Date-تاريخ","JV-رقم القيد","Ref - المرجع","Balance-الرصيد","Credit - الدائن","Debit - مدين","#","اقفال حساب شهر 12 تحسين شيك رقم 817 بتاريخ 22/2",28/01/2024,"2024251","G.Ledger","3,856,461.21","31,571.00",0.00,84,"2,859,762.34","Opening Balance - الرصيد الافتتاحى","1,517,929.87","Total Debit - اجمالى المدين","584,002.00","Total Credit - اجمالى الدائن","3,793,690.21","Current Balance - الرصيد الحالى","مدين","نصادق على صحة المديونية / الرصيد","شركة الحكمة للتجارة فى المواد الغذائية والخضروات والفواكه","Page -1 of 1"
 4:01:53PM,"قطر - الدوحة","-","-","-","-","Statement","كشف حساب","ريال قطري",01/01/2024,"From Date - من تاريخ","40010017","Account Number - حساب رقم",31/01/2024,"From Date - من تاريخ","صرف وقبض الحكمة(payment Collection)","Account Name - حساب","2,859,762.34","Opening Balance - الرصيد الافتتاحى","Dis - الشرح","Date-تاريخ","JV-رقم القيد","Ref - المرجع","Balance-الرصيد","Credit - الدائن","Debit - مدين","#","اقفال حساب شهر 12 تحسين شيك رقم 818بتاريخ 08/03/",28/01/2024,"2024251","G.Ledger","3,824,890.21","31,571.00",0.00,85,"2,859,762.34","Opening Balance - الرصيد الافتتاحى","1,517,929.87","Total Debit - اجمالى المدين","584,002.00","Total Credit - اجمالى الدائن","3,793,690.21","Current Balance - الرصيد الحالى","مدين","نصادق على صحة المديونية / الرصيد","شركة الحكمة للتجارة فى المواد الغذائية والخضروات والفواكه","Page -1 of 1"
 4:01:53PM,"قطر - الدوحة","-","-","-","-","Statement","كشف حساب","ريال قطري",01/01/2024,"From Date - من تاريخ","40010017","Account Number - حساب رقم",31/01/2024,"From Date - من تاريخ","صرف وقبض الحكمة(payment Collection)","Account Name - حساب","2,859,762.34","Opening Balance - الرصيد الافتتاحى","Dis - الشرح","Date-تاريخ","JV-رقم القيد","Ref - المرجع","Balance-الرصيد","Credit - الدائن","Debit - مدين","#","اقفال حسال الرواسي شهر 11",28/01/2024,"2024247","G.Ledger","3,820,830.21","4,060.00",0.00,86,"2,859,762.34","Opening Balance - الرصيد الافتتاحى","1,517,929.87","Total Debit - اجمالى المدين","584,002.00","Total Credit - اجمالى الدائن","3,793,690.21","Current Balance - الرصيد الحالى","مدين","نصادق على صحة المديونية / الرصيد","شركة الحكمة للتجارة فى المواد الغذائية والخضروات والفواكه","Page -1 of 1"
 4:01:53PM,"قطر - الدوحة","-","-","-","-","Statement","كشف حساب","ريال قطري",01/01/2024,"From Date - من تاريخ","40010017","Account Number - حساب رقم",31/01/2024,"From Date - من تاريخ","صرف وقبض الحكمة(payment Collection)","Account Name - حساب","2,859,762.34","Opening Balance - الرصيد الافتتاحى","Dis - الشرح","Date-تاريخ","JV-رقم القيد","Ref - المرجع","Balance-الرصيد","Credit - الدائن","Debit - مدين","#","دفعه من محمد حسنين",28/01/2024,"202424","Receipts","3,820,740.21",90.00,0.00,87,"2,859,762.34","Opening Balance - الرصيد الافتتاحى","1,517,929.87","Total Debit - اجمالى المدين","584,002.00","Total Credit - اجمالى الدائن","3,793,690.21","Current Balance - الرصيد الحالى","مدين","نصادق على صحة المديونية / الرصيد","شركة الحكمة للتجارة فى المواد الغذائية والخضروات والفواكه","Page -1 of 1"
 4:01:53PM,"قطر - الدوحة","-","-","-","-","Statement","كشف حساب","ريال قطري",01/01/2024,"From Date - من تاريخ","40010017","Account Number - حساب رقم",31/01/2024,"From Date - من تاريخ","صرف وقبض الحكمة(payment Collection)","Account Name - حساب","2,859,762.34","Opening Balance - الرصيد الافتتاحى","Dis - الشرح","Date-تاريخ","JV-رقم القيد","Ref - المرجع","Balance-الرصيد","Credit - الدائن","Debit - مدين","#","دفعه بيد شمسير ايجار سياره شمسير",28/01/2024,"2024244","G.Ledger","3,810,740.21","10,000.00",0.00,88,"2,859,762.34","Opening Balance - الرصيد الافتتاحى","1,517,929.87","Total Debit - اجمالى المدين","584,002.00","Total Credit - اجمالى الدائن","3,793,690.21","Current Balance - الرصيد الحالى","مدين","نصادق على صحة المديونية / الرصيد","شركة الحكمة للتجارة فى المواد الغذائية والخضروات والفواكه","Page -1 of 1"
 4:01:53PM,"قطر - الدوحة","-","-","-","-","Statement","كشف حساب","ريال قطري",01/01/2024,"From Date - من تاريخ","40010017","Account Number - حساب رقم",31/01/2024,"From Date - من تاريخ","صرف وقبض الحكمة(payment Collection)","Account Name - حساب","2,859,762.34","Opening Balance - الرصيد الافتتاحى","Dis - الشرح","Date-تاريخ","JV-رقم القيد","Ref - المرجع","Balance-الرصيد","Credit - الدائن","Debit - مدين","#","دفعه من روهيل",29/01/2024,"202425","Receipts","3,803,740.21","7,000.00",0.00,89,"2,859,762.34","Opening Balance - الرصيد الافتتاحى","1,517,929.87","Total Debit - اجمالى المدين","584,002.00","Total Credit - اجمالى الدائن","3,793,690.21","Current Balance - الرصيد الحالى","مدين","نصادق على صحة المديونية / الرصيد","شركة الحكمة للتجارة فى المواد الغذائية والخضروات والفواكه","Page -1 of 1"
 4:01:53PM,"قطر - الدوحة","-","-","-","-","Statement","كشف حساب","ريال قطري",01/01/2024,"From Date - من تاريخ","40010017","Account Number - حساب رقم",31/01/2024,"From Date - من تاريخ","صرف وقبض الحكمة(payment Collection)","Account Name - حساب","2,859,762.34","Opening Balance - الرصيد الافتتاحى","Dis - الشرح","Date-تاريخ","JV-رقم القيد","Ref - المرجع","Balance-الرصيد","Credit - الدائن","Debit - مدين","#","دفعه من سليم هندي",29/01/2024,"202426","Receipts","3,798,740.21","5,000.00",0.00,90,"2,859,762.34","Opening Balance - الرصيد الافتتاحى","1,517,929.87","Total Debit - اجمالى المدين","584,002.00","Total Credit - اجمالى الدائن","3,793,690.21","Current Balance - الرصيد الحالى","مدين","نصادق على صحة المديونية / الرصيد","شركة الحكمة للتجارة فى المواد الغذائية والخضروات والفواكه","Page -1 of 1"
 4:01:53PM,"قطر - الدوحة","-","-","-","-","Statement","كشف حساب","ريال قطري",01/01/2024,"From Date - من تاريخ","40010017","Account Number - حساب رقم",31/01/2024,"From Date - من تاريخ","صرف وقبض الحكمة(payment Collection)","Account Name - حساب","2,859,762.34","Opening Balance - الرصيد الافتتاحى","Dis - الشرح","Date-تاريخ","JV-رقم القيد","Ref - المرجع","Balance-الرصيد","Credit - الدائن","Debit - مدين","#","دفعه محد شريف  في الاستور",29/01/2024,"2024248","G.Ledger","3,805,740.21",0.00,"7,000.00",91,"2,859,762.34","Opening Balance - الرصيد الافتتاحى","1,517,929.87","Total Debit - اجمالى المدين","584,002.00","Total Credit - اجمالى الدائن","3,793,690.21","Current Balance - الرصيد الحالى","مدين","نصادق على صحة المديونية / الرصيد","شركة الحكمة للتجارة فى المواد الغذائية والخضروات والفواكه","Page -1 of 1"
 4:01:53PM,"قطر - الدوحة","-","-","-","-","Statement","كشف حساب","ريال قطري",01/01/2024,"From Date - من تاريخ","40010017","Account Number - حساب رقم",31/01/2024,"From Date - من تاريخ","صرف وقبض الحكمة(payment Collection)","Account Name - حساب","2,859,762.34","Opening Balance - الرصيد الافتتاحى","Dis - الشرح","Date-تاريخ","JV-رقم القيد","Ref - المرجع","Balance-الرصيد","Credit - الدائن","Debit - مدين","#","تجويل من محمد حسنين",29/01/2024,"2024254","G.Ledger","3,804,740.21","1,000.00",0.00,92,"2,859,762.34","Opening Balance - الرصيد الافتتاحى","1,517,929.87","Total Debit - اجمالى المدين","584,002.00","Total Credit - اجمالى الدائن","3,793,690.21","Current Balance - الرصيد الحالى","مدين","نصادق على صحة المديونية / الرصيد","شركة الحكمة للتجارة فى المواد الغذائية والخضروات والفواكه","Page -1 of 1"
 4:01:53PM,"قطر - الدوحة","-","-","-","-","Statement","كشف حساب","ريال قطري",01/01/2024,"From Date - من تاريخ","40010017","Account Number - حساب رقم",31/01/2024,"From Date - من تاريخ","صرف وقبض الحكمة(payment Collection)","Account Name - حساب","2,859,762.34","Opening Balance - الرصيد الافتتاحى","Dis - الشرح","Date-تاريخ","JV-رقم القيد","Ref - المرجع","Balance-الرصيد","Credit - الدائن","Debit - مدين","#","بترول لهشام من الحكمه",29/01/2024,"2024458","G.Ledger","3,804,640.21",100.00,0.00,93,"2,859,762.34","Opening Balance - الرصيد الافتتاحى","1,517,929.87","Total Debit - اجمالى المدين","584,002.00","Total Credit - اجمالى الدائن","3,793,690.21","Current Balance - الرصيد الحالى","مدين","نصادق على صحة المديونية / الرصيد","شركة الحكمة للتجارة فى المواد الغذائية والخضروات والفواكه","Page -1 of 1"
 4:01:53PM,"قطر - الدوحة","-","-","-","-","Statement","كشف حساب","ريال قطري",01/01/2024,"From Date - من تاريخ","40010017","Account Number - حساب رقم",31/01/2024,"From Date - من تاريخ","صرف وقبض الحكمة(payment Collection)","Account Name - حساب","2,859,762.34","Opening Balance - الرصيد الافتتاحى","Dis - الشرح","Date-تاريخ","JV-رقم القيد","Ref - المرجع","Balance-الرصيد","Credit - الدائن","Debit - مدين","#","دفعه الي محمد شريف",30/01/2024,"2024255","G.Ledger","3,808,640.21",0.00,"4,000.00",94,"2,859,762.34","Opening Balance - الرصيد الافتتاحى","1,517,929.87","Total Debit - اجمالى المدين","584,002.00","Total Credit - اجمالى الدائن","3,793,690.21","Current Balance - الرصيد الحالى","مدين","نصادق على صحة المديونية / الرصيد","شركة الحكمة للتجارة فى المواد الغذائية والخضروات والفواكه","Page -1 of 1"
 4:01:53PM,"قطر - الدوحة","-","-","-","-","Statement","كشف حساب","ريال قطري",01/01/2024,"From Date - من تاريخ","40010017","Account Number - حساب رقم",31/01/2024,"From Date - من تاريخ","صرف وقبض الحكمة(payment Collection)","Account Name - حساب","2,859,762.34","Opening Balance - الرصيد الافتتاحى","Dis - الشرح","Date-تاريخ","JV-رقم القيد","Ref - المرجع","Balance-الرصيد","Credit - الدائن","Debit - مدين","#","دفعه بيد حسن",30/01/2024,"2024257","G.Ledger","3,807,640.21","1,000.00",0.00,95,"2,859,762.34","Opening Balance - الرصيد الافتتاحى","1,517,929.87","Total Debit - اجمالى المدين","584,002.00","Total Credit - اجمالى الدائن","3,793,690.21","Current Balance - الرصيد الحالى","مدين","نصادق على صحة المديونية / الرصيد","شركة الحكمة للتجارة فى المواد الغذائية والخضروات والفواكه","Page -1 of 1"
 4:01:53PM,"قطر - الدوحة","-","-","-","-","Statement","كشف حساب","ريال قطري",01/01/2024,"From Date - من تاريخ","40010017","Account Number - حساب رقم",31/01/2024,"From Date - من تاريخ","صرف وقبض الحكمة(payment Collection)","Account Name - حساب","2,859,762.34","Opening Balance - الرصيد الافتتاحى","Dis - الشرح","Date-تاريخ","JV-رقم القيد","Ref - المرجع","Balance-الرصيد","Credit - الدائن","Debit - مدين","#","خصم المندرين الكاش",31/01/2024,"2024258","G.Ledger","3,809,140.21",0.00,"1,500.00",96,"2,859,762.34","Opening Balance - الرصيد الافتتاحى","1,517,929.87","Total Debit - اجمالى المدين","584,002.00","Total Credit - اجمالى الدائن","3,793,690.21","Current Balance - الرصيد الحالى","مدين","نصادق على صحة المديونية / الرصيد","شركة الحكمة للتجارة فى المواد الغذائية والخضروات والفواكه","Page -1 of 1"
 4:01:53PM,"قطر - الدوحة","-","-","-","-","Statement","كشف حساب","ريال قطري",01/01/2024,"From Date - من تاريخ","40010017","Account Number - حساب رقم",31/01/2024,"From Date - من تاريخ","صرف وقبض الحكمة(payment Collection)","Account Name - حساب","2,859,762.34","Opening Balance - الرصيد الافتتاحى","Dis - الشرح","Date-تاريخ","JV-رقم القيد","Ref - المرجع","Balance-الرصيد","Credit - الدائن","Debit - مدين","#","ديزل شهر 1",31/01/2024,"2024274","G.Ledger","3,810,890.21",0.00,"1,750.00",97,"2,859,762.34","Opening Balance - الرصيد الافتتاحى","1,517,929.87","Total Debit - اجمالى المدين","584,002.00","Total Credit - اجمالى الدائن","3,793,690.21","Current Balance - الرصيد الحالى","مدين","نصادق على صحة المديونية / الرصيد","شركة الحكمة للتجارة فى المواد الغذائية والخضروات والفواكه","Page -1 of 1"
 4:01:53PM,"قطر - الدوحة","-","-","-","-","Statement","كشف حساب","ريال قطري",01/01/2024,"From Date - من تاريخ","40010017","Account Number - حساب رقم",31/01/2024,"From Date - من تاريخ","صرف وقبض الحكمة(payment Collection)","Account Name - حساب","2,859,762.34","Opening Balance - الرصيد الافتتاحى","Dis - الشرح","Date-تاريخ","JV-رقم القيد","Ref - المرجع","Balance-الرصيد","Credit - الدائن","Debit - مدين","#","دفعه بيد حسن",31/01/2024,"202427","Receipts","3,809,890.21","1,000.00",0.00,98,"2,859,762.34","Opening Balance - الرصيد الافتتاحى","1,517,929.87","Total Debit - اجمالى المدين","584,002.00","Total Credit - اجمالى الدائن","3,793,690.21","Current Balance - الرصيد الحالى","مدين","نصادق على صحة المديونية / الرصيد","شركة الحكمة للتجارة فى المواد الغذائية والخضروات والفواكه","Page -1 of 1"
 4:01:53PM,"قطر - الدوحة","-","-","-","-","Statement","كشف حساب","ريال قطري",01/01/2024,"From Date - من تاريخ","40010017","Account Number - حساب رقم",31/01/2024,"From Date - من تاريخ","صرف وقبض الحكمة(payment Collection)","Account Name - حساب","2,859,762.34","Opening Balance - الرصيد الافتتاحى","Dis - الشرح","Date-تاريخ","JV-رقم القيد","Ref - المرجع","Balance-الرصيد","Credit - الدائن","Debit - مدين","#","ايجار الاستور شهر 1",31/01/2024,"2024636","G.Ledger","3,793,890.21","16,000.00",0.00,99,"2,859,762.34","Opening Balance - الرصيد الافتتاحى","1,517,929.87","Total Debit - اجمالى المدين","584,002.00","Total Credit - اجمالى الدائن","3,793,690.21","Current Balance - الرصيد الحالى","مدين","نصادق على صحة المديونية / الرصيد","شركة الحكمة للتجارة فى المواد الغذائية والخضروات والفواكه","Page -1 of 1"
 4:01:53PM,"قطر - الدوحة","-","-","-","-","Statement","كشف حساب","ريال قطري",01/01/2024,"From Date - من تاريخ","40010017","Account Number - حساب رقم",31/01/2024,"From Date - من تاريخ","صرف وقبض الحكمة(payment Collection)","Account Name - حساب","2,859,762.34","Opening Balance - الرصيد الافتتاحى","Dis - الشرح","Date-تاريخ","JV-رقم القيد","Ref - المرجع","Balance-الرصيد","Credit - الدائن","Debit - مدين","#","رول سي ار",31/01/2024,"2024459","G.Ledger","3,793,690.21",200.00,0.00,100,"2,859,762.34","Opening Balance - الرصيد الافتتاحى","1,517,929.87","Total Debit - اجمالى المدين","584,002.00","Total Credit - اجمالى الدائن","3,793,690.21","Current Balance - الرصيد الحالى","مدين","نصادق على صحة المديونية / الرصيد","شركة الحكمة للتجارة فى المواد الغذائية والخضروات والفواكه","Page -1 of 1"
